Company Ticker,Company Name
A,AGILENT TECHNOLOGIES A
AA,ALCOA CORPORATION AA
AADI,AADI BIOSCIENCE INC AADI
AAL,AMERICAN AIRLINES GROUP AAL
AAN,THE AARONS COMPANY AAN
AAON,AAON INC AAON
AAP,ADVANCE AUTO PARTS AAP
AAPL,APPLE INC. AAPL
AAT,AMERICAN ASSETS TRUST INC. AAT
AAWW,ATLAS AIR WORLDWIDE HOLDINGS AAWW
ABBV,ABBVIE INC ABBV
ABC,AMERISOURCEBERGEN ABC
ABCB,AMERIS BANCORP ABCB
ABCL,ABCELLERA BIOLOGICS ABCL
ABG,ASBURY AUTOMOTIVE GROUP INC ABG
ABM,ABM INDUSTRIES INC ABM
ABMD,ABIOMED INC ABMD
ABNB,AIRBNB ABNB
ABR,ARBOR REALTY TRUST ABR
ABSI,ABSCI ABSI
ABT,ABBOTT LABORATORIES ABT
ABTX,ALLEGIANCE BANCSHARES ABTX
ABUS,ARBUTUS BIOPHARMA CORP. ABUS
AC,ASSOCIATED CAPITAL GROUP AC
ACA,ARCOSA ACA
ACAD,ACADIA PHARMACEUTICALS ACAD
ACC,AMERICAN CAMPUS COMMUNITIES ACC
ACCD,ACCOLADE ACCD
ACCO,ACCO BRANDS ACCO
ACEL,ACCEL ENTERTAINMENT (A) ACEL
ACET,ADICET BIO INC ACET
ACGL,ARCH CAPITAL GP ACGL
ACHC,ACADIA HEALTHCARE ACHC
ACHR,ARCHER AVIATION INC (A) ACHR
ACI,ALBERTSONS COMPANIES ACI
ACIW,ACI WORLDWIDE ACIW
ACLS,AXCELIS TECHS ACLS
ACLX,ARCELLX INC ACLX
ACM,AECOM ACM
ACMR,ACM RESEARCH ACMR
ACN,ACCENTURE CL A ACN
ACNB,ACNB CORP. ACNB
ACRE,ARES COMMERCIAL REAL ESTATE ACRE
ACRS,ACLARIS THERAPEUTICS ACRS
ACT,ENACT HOLDINGS ACT
ACVA,ACV AUCTIONS ACVA
ADBE,ADOBE ADBE
ADC,AGREE REALTY ADC
ADGI,ADAGIO THERAPEUTICS ADGI
ADI,ANALOG DEVICES ADI
ADM,ARCHER DANIELS MIDLAND ADM
ADMA,ADMA BIOLOGICS INC ADMA
ADNT,ADIENT PLC ADNT
ADP,AUTOMATIC DATA PROCESS ADP
ADPT,ADAPTIVE BIOTECHNOLOGIES ADPT
ADSK,AUTODESK ADSK
ADT,ADT INC ADT
ADTH,ADTHEORENT HOLDING COMPANY INC ADTH
ADTN,ADTRAN INC ADTN
ADUS,ADDUS HOMECARE ADUS
ADV,ADVANTAGE SOLUTIONS INC (A) ADV
AEE,AMEREN CORP AEE
AEIS,ADVANCED ENERGY INDUSTRIES AEIS
AEL,AMERICAN EQUITY INVESTMENT LIFE AEL
AEO,AMERICAN EAGLE OUTFITTERS AEO
AEP,AMERICAN ELEC POWER COM AEP
AERI,AERIE PHARMACEUTICALS INC AERI
AES,AES CORP. AES
AEVA,AEVA TECHNOLOGIES INC AEVA
AFCG,AFC GAMMA AFCG
AFG,AMERICAN FINANCE GROUP HLDG. AFG
AFL,AFLAC AFL
AFMD,AFFIMED N.V. AFMD
AFRM,AFFIRM HOLDINGS AFRM
AGCO,AGCO CORP AGCO
AGEN,AGENUS AGEN
AGIO,AGIOS PHARMACEUTICALS AGIO
AGL,AGILON HEALTH AGL
AGM,FED AGRICUL MTG AGM
AGNC,AGNC INVESTMENT AGNC
AGO,ASSURED GUARANTY AGO
AGR,AVANGRID AGR
AGTI,AGILITI AGTI
AGX,ARGAN INC. AGX
AGYS,AGILYSYS AGYS
AHCO,ADAPTHEALTH AHCO
AHH,ARMADA HOFFLER PROPERTIES AHH
AHT,ASHFORD HOSPITALITY TRUST AHT
AI,C3 AI AI
AIG,AMERICAN INTL GROUP AIG
AIMC,ALTRA INDUSTRIAL MOTION AIMC
AIN,ALBANY INTERNATIONAL A AIN
AIP,ARTERIS AIP
AIR,AAR CORP AIR
AIRC,APARTMENT INCOME REIT AIRC
AIRS,AIRSCULPT TECHNOLOGIES AIRS
AIT,APPLIED INDUSTRIAL TECHNOLOGY AIT
AIV,APARTMENT INV MANAGEMENT AIV
AIZ,ASSURANT AIZ
AJG,ARTHUR J GALLAGHER AJG
AJRD,AEROJET ROCKETDYNE HOLDINGS AJRD
AKA,A K A BRANDS HOLDING AKA
AKAM,AKAMAI TECHNOLOGIES AKAM
AKR,ACADIA REALTY AKR
AKRO,AKERO THERAPEUTICS AKRO
AKTS,AKOUSTIS TECHNOLOGIES INC AKTS
AKYA,AKOYA BIOSCIENCES AKYA
AL,AIR LEASE AL
ALB,ALBEMARLE ALB
ALBO,ALBIREO PHARMA ALBO
ALCO,ALICO INC ALCO
ALE,ALLETE ALE
ALEC,ALECTOR ALEC
ALEX,ALEXANDER & BALDWIN INC. ALEX
ALG,ALAMO GROUP ALG
ALGM,ALLEGRO MICROSYSTEMS ALGM
ALGN,ALIGN TECHNOLOGY INC ALGN
ALGT,ALLEGIANT TRAVEL ALGT
ALHC,ALIGNMENT HEALTHCARE ALHC
ALIT,ALIGHT INC (A) ALIT
ALK,ALASKA AIR GROUP ALK
ALKS,ALKERMES PLC ALKS
ALKT,ALKAMI TECHNOLOGY ALKT
ALL,ALLSTATE CORP ALL
ALLE,ALLEGION PLC ALLE
ALLO,ALLOGENE THERAPEUTICS ALLO
ALLY,ALLY FINANCIAL ALLY
ALNY,ALNYLAM PHARMACEUTICALS ALNY
ALPN,ALPINE IMMUNE SCIENCES ALPN
ALRM,ALARM.COM HOLDINGS ALRM
ALRS,ALERUS FINANCIAL CORP. ALRS
ALSN,ALLISON TRANSMISSION HOLDINGS ALSN
ALTG,ALTA EQUIPMENT GROUP INC (A) ALTG
ALTO,ALTO INGREDIENTS INC ALTO
ALTR,ALTAIR ENGINEERING ALTR
ALVR,ALLOVIR ALVR
ALX,ALEXANDERS INC ALX
ALXO,ALX ONCOLOGY HOLDINGS ALXO
AM,ANTERO MIDSTREAM CORP AM
AMAL,AMALGAMATED FINANCIAL CORP AMAL
AMAT,APPLIED MATERIALS AMAT
AMBA,AMBARELLA INC AMBA
AMBC,AMBAC FINANCIAL GROUP INC AMBC
AMBP,ARDAGH METAL PACKAGING SA AMBP
AMC,AMC ENTERTAINMENT AMC
AMCR,AMCOR AMCR
AMCX,AMC NETWORKS AMCX
AMD,ADVANCED MICRO DEV AMD
AME,AMETEK INC AME
AMED,AMEDISYS INC AMED
AMEH,APOLLO MEDICAL HOLDINGS INC AMEH
AMG,AFFILIATED MANAGERS GROUP AMG
AMGN,AMGEN CORP AMGN
AMH,AMERICAN HOMES 4 RENT AMH
AMK,ASSETMARK FINANCIAL HOLDINGS AMK
AMKR,AMKOR TECH INC AMKR
AMLX,AMYLYX PHARMACEUTICALS AMLX
AMN,AMN HEALTHCARE SERVICES INC AMN
AMNB,AMERICAN NATIONAL BANKSHARES AMNB
AMOT,ALLIED MOTION TECHNOLOGIES AMOT
AMP,AMERIPRISE FINANCIAL AMP
AMPH,AMPHASTAR PHARMACEUTICALS AMPH
AMPL,AMPLITUDE INC AMPL
AMPS,ALTUS POWER INC (A) AMPS
AMPY,AMPLIFY ENERGY AMPY
AMR,ALPHA METALLURGICAL RESOURCES INC AMR
AMRC,AMERESCO AMRC
AMRK,AMARK PRECIOUS METALS AMRK
AMRS,AMYRIS AMRS
AMRX,AMNEAL PHARMACEUTICALS AMRX
AMSF,AMERISAFE AMSF
AMSWA,AMERICAN SOFTWARE CLASS A AMSWA
AMT,AMERICAN TOWER CORP AMT
AMTB,AMERANT BANCORP (A) AMTB
AMTX,AEMETIS AMTX
AMWD,AMERICAN WOODMARK AMWD
AMWL,AMERICAN WELL AMWL
AMZN,AMAZON.COM AMZN
AN,AUTONATION AN
ANAB,ANAPTYS BIO ANAB
ANDE,ANDERSONS INC ANDE
ANET,ARISTA NETWORKS ANET
ANF,ABERCROMBIE & FITCH A ANF
ANGO,ANGIODYNAMICS ANGO
ANIK,ANIKA THERAPEUT ANIK
ANIP,ANI PHARMACEUTICALS ANIP
ANSS,ANSYS INC ANSS
ANTM,ANTHEM ANTM
ANTX,AN2 THERAPEUTICS ANTX
AOMR,ANGEL OAK MORTGAGE AOMR
AON,AON PLC AON
AORT,ARTIVION INC AORT
AOS,SMITH (AO) AOS
AOSL,ALPHA & OMEGA SEMICONDUCTOR AOSL
APA,APA CORPORATION APA
APAM,ARTISAN PARTNERS ASSET MANAGEMENT APAM
APD,AIR PRODUCTS & CHEMICALS INC APD
APEI,AMERICAN PUBLIC EDUCATION APEI
APG,API GROUP APG
APH,AMPHENOL CORP A APH
APLD,APPLIED BLOCKCHAIN APLD
APLE,APPLE HOSPITALITY REIT APLE
APLS,APELLIS PHARMACEUTICALS APLS
APO,APOLLO GLOBAL MANAGEMENT INC APO
APOG,APOGEE ENTERPRISES APOG
APP,APPLOVIN APP
APPF,APPFOLIO APPF
APPH,APPHARVEST INC APPH
APPN,APPIAN APPN
APPS,DIGITAL TURBINE APPS
APTV,APTIV PLC APTV
AQUA,EVOQUA WATER TECHNOLOGIES AQUA
AR,ANTERO RESOURCES AR
ARCB,ARCBEST CORP ARCB
ARCH,ARCH RESOURCES INC ARCH
ARCT,ARCTURUS THERAPEUTICS HOLDINGS INC ARCT
ARE,ALEXANDRIA REAL ESTATE EQUITY ARE
AREN,ARENA GROUP HOLDINGS AREN
ARES,ARES MANAGEMENT CORPORATION ARES
ARGO,ARGO GROUP INTL ARGO
ARI,APOLLO COMMERCIAL REAL ESTATE FINANCE ARI
ARIS,ARIS WATER SOLUTIONS ARIS
ARKO,ARKO CORP (A) ARKO
ARL,AMER RLTY INV ARL
ARLO,ARLO TECHNOLOGIES ARLO
ARMK,ARAMARK ARMK
ARNC,ARCONIC CORPORATION ARNC
AROC,ARCHROCK AROC
AROW,ARROW FINANCIAL AROW
ARQT,ARCUTIS BIOTHERAPEUTICS ARQT
ARR,ARMOUR RESIDENTIAL REIT ARR
ARRY,ARRAY TECHNOLOGIES ARRY
ARTNA,ARTESIAN RES A ARTNA
ARVN,ARVINAS HOLDING ARVN
ARW,ARROW ELECTRONICS ARW
ARWR,ARROWHEAD PHARMACEUTICALS INC. ARWR
ASAN,ASANA ASAN
ASB,ASSOCIATED BANC-CORP ASB
ASC,ARDMORE SHIPPING ASC
ASGN,ASGN INCORPORATED ASGN
ASH,ASHLAND GLOBAL HOLDINGS INC ASH
ASIX,ADVANSIX ASIX
ASLE,AERSALE CORPORATION ASLE
ASO,ACADEMY SPORTS AND OUTDOORS ASO
ASPN,ASPEN AEROGELS ASPN
ASTE,ASTEC INDS INC ASTE
ASTR,ASTRA SPACE INC ASTR
ATCX,ATLAS TECHNICAL CONSULTANTS INC (A) ATCX
ATEC,ALPHATEC HOLDINGS INC. ATEC
ATEN,A10 NETWORKS ATEN
ATER,ATERIAN INC ATER
ATEX,ANTERIX ATEX
ATGE,ADTALEM GLOBAL EDUCATION ATGE
ATHA,ATHIRA PHARMA ATHA
ATI,ALLEGHENY TECHNOLOGIES ATI
ATIP,ATI PHYSICAL THERAPY INC (A) ATIP
ATKR,ATKORE INC ATKR
ATLC,ATLANTICUS HOLDINGS CORP ATLC
ATNI,ATN INTERNATIONAL ATNI
ATO,ATMOS ENERGY ATO
ATOM,ATOMERA ATOM
ATR,APTARGROUP ATR
ATRA,ATARA BIOTHERAPEUTICS ATRA
ATRC,ATRICURE ATRC
ATRI,ATRION CORP ATRI
ATRO,ASTRONICS ATRO
ATSG,AIR TRANSPORT SERVICES GROUP ATSG
ATUS,ALTICE USA ATUS
ATVI,ACTIVISION BLIZZARD ATVI
AUB,ATLANTIC UNION BANKSHARES AUB
AUD,AUDACY AUD
AUPH,AURINIA PHARMACEUTICALS NASDAQ AUPH
AURA,AURA BIOSCIENCES AURA
AVA,AVISTA CORP AVA
AVAH,AVEANNA HEALTHCARE HOLDINGS AVAH
AVAV,AEROVIRONMENT AVAV
AVB,AVALONBAY COMMUNITIES AVB
AVD,AMERICAN VANGUARD AVD
AVDX,AVIDXCHANGE HOLDINGS AVDX
AVGO,BROADCOM AVGO
AVID,AVID TECHNOLOGY AVID
AVIR,ATEA PHARMACEUTICALS AVIR
AVLR,AVALARA AVLR
AVNS,AVANOS MEDICAL AVNS
AVNT,AVIENT CORP AVNT
AVNW,AVIAT NETWORKS AVNW
AVO,MISSION PRODUCE AVO
AVPT,AVEPOINT INC (A) AVPT
AVT,AVNET AVT
AVTE,AEROVATE THERAPEUTICS AVTE
AVTR,AVANTOR AVTR
AVXL,ANAVEX LIFE SCIENCES AVXL
AVY,AVERY DENNISON CORP AVY
AVYA,AVAYA HOLDINGS AVYA
AWI,ARMSTRONG WORLD INDUSTRIES INC. AWI
AWK,AMERICAN WATER WORKS COMPANY AWK
AWR,AMERICAN STATES WATER AWR
AX,AXOS FINANCIAL AX
AXGN,AXOGEN AXGN
AXL,AMERICAN AXLE & MFG HOLDINGS AXL
AXNX,AXONICS INC AXNX
AXON,AXON ENTERPRISE AXON
AXP,AMERICAN EXPRESS COM AXP
AXS,AXIS CAPITAL HOLDINGS AXS
AXSM,AXSOME THERAPEUTICS AXSM
AXTA,AXALTA COATING SYSTEMS AXTA
AXTI,AXT INC AXTI
AYI,ACUITY BRANDS INC AYI
AYX,ALTERYX AYX
AZEK,THE AZEK COMPANY AZEK
AZO,AUTOZONE AZO
AZPN,ASPEN TECHNOLOGY AZPN
AZTA,AZENTA INC AZTA
AZZ,AZZ INC AZZ
B,BARNES GROUP INC B
BA,BOEING BA
BAC,BANK OF AMERICA BAC
BAH,BOOZ ALLEN HAMILTON BAH
BALL,BALL CORP BALL
BALY,BALLYS CORPORATION BALY
BANC,BANC OF CALIFORNIA BANC
BAND,BANDWIDTH CLASS A BAND
BANF,BANCFIRST BANF
BANR,BANNER CORP BANR
BARK,BARK INC (A) BARK
BASE,COUCHBASE BASE
BATL,BATTALION OIL CORPORATION BATL
BATRA,LIBERTY BRAVES SERIES A BATRA
BATRK,LIBERTY BRAVES SERIES C BATRK
BAX,BAXTER INTL BAX
BBBY,BED BATH BEYOND BBBY
BBCP,CONCRETE PUMPING HOLDINGS (A) BBCP
BBIG,VINCO VENTURES INC BBIG
BBIO,BRIDGEBIO PHARMA BBIO
BBLN,BABYLON HOLDINGS LTD (A) BBLN
BBSI,BARRETT BUS BBSI
BBUC,BROOKFIELD BUSINESS CORPORATION BBUC
BBW,BUILD-A-BEAR WORKSHOP BBW
BBWI,BATH & BODY WORKS INC BBWI
BBY,BEST BUY COMPANY BBY
BC,BRUNSWICK CORP BC
BCBP,BCB BANCORP INC. BCBP
BCC,BOISE CASCADE COMPANY BCC
BCML,BAYCOM BCML
BCO,BRINKS CO BCO
BCOR,BLUCORA BCOR
BCOV,BRIGHTCOVE BCOV
BCPC,BALCHEM BCPC
BCRX,BIOCRYST PHARM BCRX
BDC,BELDEN BDC
BDN,BRANDYWINE RLTY BDN
BDX,BECTON DICKINSON BDX
BE,BLOOM ENERGY BE
BEAM,BEAM THERAPEUTICS BEAM
BECN,BEACON ROOFING SUPPLY BECN
BEN,FRANKLIN RESOURCES BEN
BEPC,BROOKFIELD RENEWABLE CORPORATION BEPC
BERY,BERRY GLOBAL GROUP BERY
BF.A,BROWN-FORMAN CLASS A BF.A
BF.B,BROWN-FORMAN B BF.B
BFAM,BRIGHT HORIZONS FAMILY SOLUTIONS BFAM
BFC,BANK FIRST BFC
BFH,BREAD FINANCIAL HOLDING INC BFH
BFLY,BUTTERFLY NETWORK INC (A) BFLY
BFS,SAUL CENTERS BFS
BFST,BUSINESS FIRST BANCSHARES BFST
BG,BUNGE BG
BGCP,BGC PARTNERS BGCP
BGFV,BIG 5 SPORTING GOODS CORP BGFV
BGRY,BERKSHIRE GREY INC (A) BGRY
BGS,B&G FOODS BGS
BH,BIGLARI HOLDINGS B BH
BHB,BAR HARBOR BK BHB
BHE,BENCHMARK ELECT BHE
BHF,BRIGHTHOUSE FINANCIAL BHF
BHG,BRIGHT HEALTH GROUP BHG
BHIL,BENSON HILL INC BHIL
BHLB,BERKSHIRE HILLS BANCORP BHLB
BHR,BRAEMAR HOTELS & RESORTS BHR
BHVN,BIOHAVEN PHARMACEUTICALS HOLDINGS BHVN
BIG,BIG LOTS BIG
BIGC,BIGCOMMERCE HOLDINGS BIGC
BIIB,BIOGEN BIIB
BILL,BILL.COM HOLDINGS BILL
BIO,BIO-RAD LABS A BIO
BIPC,BROOKFIELD INFRASTRUCTURE BIPC
BIRD,ALLBIRDS BIRD
BJ,BJ'S WHOLESALE CLUB HOLDINGS BJ
BJRI,BJS RESTAURANTS BJRI
BK,BANK OF NEW YORK MELLON BK
BKD,BROOKDALE SENIOR LIVING BKD
BKE,BUCKLE INC BKE
BKH,BLACK HILLS CORP BKH
BKI,BLACK KNIGHT BKI
BKKT,BAKKT HOLDINGS INC (A) BKKT
BKNG,BOOKING HOLDINGS BKNG
BKR,BAKER HUGHES COMPANY BKR
BKU,BANKUNITED BKU
BL,BLACKLINE BL
BLBD,BLUE BIRD BLBD
BLD,TOPBUILD BLD
BLDE,BLADE AIR MOBILITY INC (A) BLDE
BLDR,BUILDERS FIRSTSOURCE INC. BLDR
BLFS,BIOLIFE SOLUTIONS INC BLFS
BLFY,BLUE FOUNDRY BANCORP BLFY
BLI,BERKELEY LIGHTS BLI
BLK,BLACKROCK INC BLK
BLKB,BLACKBAUD BLKB
BLMN,BLOOMIN BRANDS BLMN
BLND,BLEND LABS BLND
BLNK,BLINK CHARGING BLNK
BLUE,BLUEBIRD BIO BLUE
BLX,BANCO LATINOAMERICANO DE COMERCIO EXTERI BLX
BMBL,BUMBLE BMBL
BMI,BADGER METER BMI
BMRC,BANK OF MARIN BANCORP BMRC
BMRN,BIOMARIN PHARM BMRN
BMY,BRISTOL MYERS SQUIBB BMY
BNFT,BENEFITFOCUS BNFT
BNGO,BIONANO GENOMICS INC BNGO
BNL,BROADSTONE NET LEASE BNL
BOC,BOSTON OMAHA BOC
BODY,THE BEACHBODY COMPANY INC (A) BODY
BOH,BANK OF HAWAII BOH
BOKF,BOK FINANCIAL CORP BOKF
BOOM,DMC GLOBAL BOOM
BOOT,BOOT BARN HOLDINGS BOOT
BORR,BORR DRILLING BORR
BOWL,BOWLERO CORP (A) BOWL
BOX,BOX INC BOX
BOXD,BOXED INC (A) BOXD
BPMC,BLUEPRINT MEDICINES BPMC
BPOP,POPULAR INC BPOP
BR,BROADRIDGE FINANCIAL SOLUTIONS BR
BRBR,BELLRING BRANDS BRBR
BRBS,BLUE RIDGE BANKSHARES BRBS
BRC,BRADY CORP BRC
BRCC,BRC INC (A) BRCC
BRDS,BIRD GLOBAL INC (A) BRDS
BRG,BLUEROCK RESIDENTIAL GROWTH REIT BRG
BRK.B,BERKSHIRE HATHAWAY B BRK.B
BRKL,BROOKLINE BANCORP INC BRKL
BRKR,BRUKER BRKR
BRMK,BROADMARK REALTY CAPITAL INC (A) BRMK
BRO,BROWN & BROWN BRO
BRP,BRP GROUP BRP
BRSP,BRIGHTSPIRE CAPITAL INC (A) BRSP
BRT,BRT APARTMENTS BRT
BRX,BRIXMOR PROPERTY GROUP BRX
BRY,BERRY CORPORATION BRY
BSIG,BRIGHTSPHERE INVESTMENT GROUP INC BSIG
BSRR,SIERRA BANCORP/CA BSRR
BSX,BOSTON SCIENTIFIC CORP BSX
BSY,BENTLEY SYSTEMS BSY
BTAI,BIOXCEL THERAPEUTICS BTAI
BTRS,BTRS HOLDINGS INC (A) BTRS
BTU,PEABODY ENERGY CORP BTU
BURL,BURLINGTON STORES BURL
BUSE,FIRST BUSEY BUSE
BV,BRIGHTVIEW HOLDINGS BV
BVH,BLUEGREEN VACATIONS HOLDING CORPORATION BVH
BVS,BIOVENTUS BVS
BW,BABCOCK & WILCOX ENTERPRISES BW
BWA,BORGWARNER BWA
BWB,BRIDGEWATER BANCSHARES BWB
BWFG,BANKWELL FINANCIAL GROUP BWFG
BWXT,BWX TECHNOLOGIES BWXT
BX,BLACKSTONE INC BX
BXC,BLUELINX HOLDINGS BXC
BXMT,BLACKSTONE MORTGAGE TRUST BXMT
BXP,BOSTON PROPERTIES BXP
BY,BYLINE BANCORP BY
BYD,BOYD GAMING BYD
BYND,BEYOND MEAT BYND
BZH,BEAZER HOMES USA BZH
C,CITIGROUP C
CABO,CABLE ONE CABO
CAC,CAMDEN NATIONAL CAC
CACC,CREDIT ACCEPTANCE CP CACC
CACI,CACI INC CL A CACI
CADE,CADENCE BANK CADE
CAG,CONAGRA BRANDS INC CAG
CAH,CARDINAL HEALTH CAH
CAKE,CHEESECAKE FACTORY (THE) CAKE
CAL,CALERES CAL
CALM,CAL-MAINE FOODS CALM
CALX,CALIX NETWORKS CALX
CANO,CANO HEALTH INC (A) CANO
CAR,AVIS BUDGET GROUP CAR
CARA,CARA THERAPEUTICS CARA
CARE,CARTER BANKSHARES INC CARE
CARG,CARGURUS CLASS A CARG
CARR,CARRIER GLOBAL CARR
CARS,CARS.COM CARS
CASA,CASA SYSTEMS CASA
CASH,META FINANCIAL GROUP CASH
CASS,CASS INFORMATION SYSTEMS CASS
CASY,CASEYS GENERAL STORES CASY
CAT,CATERPILLAR CAT
CATC,CAMBRIDGE BANCORP CATC
CATO,CATO CORP CL A CATO
CATY,CATHAY BANCORP CATY
CB,CHUBB LTD CB
CBAN,COLONY BANKCORP CBAN
CBL,CBL & ASSOCIATES PROPERTIES CBL
CBNK,CAPITAL BANCORP CBNK
CBOE,CBOE GLOBAL MARKETS CBOE
CBRE,CBRE GROUP CBRE
CBRL,CRACKER BARREL OLD COUNTRY STORE CBRL
CBSH,COMMERCE BANCSHARES CBSH
CBT,CABOT CORP CBT
CBTX,CBTX CBTX
CBU,COMMUNITY BANK SYS CBU
CBZ,CBIZ CBZ
CC,CHEMOURS COMPANY CC
CCB,COASTAL FINANCIAL CCB
CCBG,CAPITAL CITY BANK GP CCBG
CCCC,C4 THERAPEUTICS CCCC
CCCS,CCC INTELLIGENT SOLUTIONS HOLDINGS INC ( CCCS
CCF,CHASE CORP CCF
CCI,CROWN CASTLE INTL CORP CCI
CCK,CROWN HOLDINGS CCK
CCL,CARNIVAL CORP A CCL
CCMP,CMC MATERIALS INC CCMP
CCNE,CNB FINANCIAL CCNE
CCO,CLEAR CHANNEL OUTDOOR HOLDINGS CCO
CCOI,COGENT COMMUNICATIONS HOLDINGS CCOI
CCRN,CROSS COUNTRY HEALTHCARE CCRN
CCS,CENTURY COMMUNITIES CCS
CCSI,CONSENSUS CLOUD SOLUTIONS CCSI
CCXI,CHEMOCENTRYX INC CCXI
CDAY,CERIDIAN HCM HOLDING CDAY
CDE,COEUR MINING INC CDE
CDEV,CENTENNIAL RESOURCE DEVELOPMENT CDEV
CDK,CDK GLOBAL CDK
CDLX,CARDLYTICS CDLX
CDMO,AVID BIOSERVICES CDMO
CDNA,CAREDX INC CDNA
CDNS,CADENCE DESIGN SYSTEMS CDNS
CDR,CEDAR REALTY TRUST CDR
CDRE,CADRE HOLDINGS CDRE
CDW,CDW CDW
CDXS,CODEXIS CDXS
CE,CELANESE CE
CEG,CONSTELLATION ENERGY CEG
CEIX,CONSOL ENERGY CEIX
CELH,CELSIUS HOLDINGS INC. CELH
CELU,CELULARITY INC (A) CELU
CENN,CENNTRO ELECTRIC GROUP CENN
CENT,CENTRAL GARDEN & PET CENT
CENTA,CENTRAL GARDEN & PET CO A CENTA
CENX,CENTURY ALUMINIUM CENX
CERE,CEREVEL THERAPEUTICS HOLDINGS (A) CERE
CERS,CERUS CORP CERS
CERT,CERTARA CERT
CEVA,CEVA CEVA
CF,CF INDUSTRIES HOLDINGS CF
CFB,CROSSFIRST BANKSHARES CFB
CFFN,CAPITOL FEDERAL FINANCIAL CFFN
CFG,CITIZENS FINANCIAL GROUP CFG
CFLT,CONFLUENT CFLT
CFR,CULLEN FROST BANKERS CFR
CG,CARLYLE GROUP INC CG
CGEM,CULLINAN ONCOLOGY INC CGEM
CGNX,COGNEX CORP CGNX
CHCO,CITY HOLDING CHCO
CHCT,COMMUNITY HEALTHCARE TRUST CHCT
CHD,CHURCH & DWIGHT CHD
CHDN,CHURCHILL DOWNS CHDN
CHE,CHEMED CHE
CHEF,CHEFS WAREHOUSE HOLDINGS CHEF
CHGG,CHEGG CHGG
CHH,CHOICE HOTELS INTERNATIONAL CHH
CHK,CHESAPEAKE ENERGY CHK
CHNG,CHANGE HEALTHCARE CHNG
CHPT,CHARGEPOINT HOLDINGS INC (A) CHPT
CHRS,COHERUS BIOSCIENCES CHRS
CHRW,C.H. ROBINSON WORLDWIDE CHRW
CHS,CHICOS FAS INC CHS
CHTR,CHARTER COMMUNICATIONS INC. CL A CHTR
CHUY,CHUY'S HOLDINGS INC CHUY
CHX,CHAMPIONX CORPORATION CHX
CI,CIGNA CORP CI
CIEN,CIENA CIEN
CIFR,CIPHER MINING INC CIFR
CIM,CHIMERA INVESTMENT CIM
CINC,CINCOR PHARMA CINC
CINF,CINCINNATI FIN CP CINF
CIO,CITY OFFICE REIT CIO
CIR,CIRCOR INTL CIR
CISO,CERBERUS CYBER SENTINEL CISO
CIVB,CIVISTA BANCSHARES CIVB
CIVI,CIVITAS RESOURCES INC CIVI
CIX,COMPX INTERNATIONAL CIX
CL,COLGATE-PALMOLIVE CL
CLAR,CLARUS CORPORATION CLAR
CLBK,COLUMBIA FINANCIAL CLBK
CLDT,CHATHAM LODGING TRUST CLDT
CLDX,CELLDEX THERAPEUTICS CLDX
CLF,CLEVELAND-CLIFFS CLF
CLFD,CLEARFIELD INC. CLFD
CLH,CLEAN HARBORS CLH
CLNE,CLEAN ENERGY FUELS CLNE
CLOV,CLOVER HEALTH INVESTMENTS CORP (A) CLOV
CLPR,CLIPPER REALTY CLPR
CLR,CONTINENTAL RESOURCES OK CLR
CLSK,CLEANSPARK CLSK
CLVT,CLARIVATE PLC (A) CLVT
CLW,CLEARWATER PAPER CLW
CLX,CLOROX CLX
CMA,COMERICA CMA
CMAX,CAREMAX INC (A) CMAX
CMBM,CAMBIUM NETWORKS CMBM
CMC,COMMERCIAL METALS CMC
CMCO,COLUMBUS MCKINNON CMCO
CMCSA,COMCAST A CMCSA
CME,CME GROUP CME
CMG,CHIPOTLE MEXICAN GRILL CMG
CMI,CUMMINS CMI
CMLS,CUMULUS MEDIA CMLS
CMP,COMPASS MINERALS INTERNATIONAL CMP
CMPO,COMPOSECURE INC (A) CMPO
CMPR,CIMPRESS PLC CMPR
CMRE,COSTAMARE CMRE
CMRX,CHIMERIX INC CMRX
CMS,CMS ENERGY CORP CMS
CMTG,CLAROS MORTGAGE TRUST CMTG
CMTL,COMTECH TELECOMMUNICATIONS CMTL
CNA,CNA FINANCIAL CORP CNA
CNC,CENTENE CORP CNC
CNDT,CONDUENT CNDT
CNK,CINEMARK HOLDINGS INC. CNK
CNM,CORE & MAIN CNM
CNMD,CONMED CORP CNMD
CNNE,CANNAE HOLDINGS CNNE
CNO,CNO FINANCIAL GROUP CNO
CNOB,CONNECTONE BANCORP CNOB
CNP,CENTERPOINT ENERGY CNP
CNR,CORNERSTONE BUILDING BRANDS CNR
CNS,COHEN & STEERS CNS
CNSL,CONSOLIDATED COMMUNICATIONS HOLDINGS CNSL
CNTY,CENTURY CASINO CNTY
CNVY,CONVEY HEALTH SOLUTIONS HOLDINGS INC CNVY
CNX,CNX RESOURCES CNX
CNXC,CONCENTRIX CNXC
CNXN,PC CONNECTION CNXN
COCO,THE VITA COCO COMPANY COCO
CODI,COMPASS DIVERSIFIED CODI
COF,CAPITAL ONE FINANCIAL COF
COGT,COGENT BIOSCIENCES INC COGT
COHR,COHERENT INC COHR
COHU,COHU INC COHU
COIN,COINBASE GLOBAL COIN
COKE,COCA-COLA CONSOLIDATED COKE
COLB,COLUMBIA BANKING SYSTEM COLB
COLD,AMERICOLD REALTY TRUST INC COLD
COLL,COLLEGIUM PHARMACEUTICAL COLL
COLM,COLUMBIA SPORTSWEAR CO COLM
COMM,COMMSCOPE HOLDING COMPANY COMM
COMP,COMPASS COMP
CONN,CONN'S CONN
COO,COOPER COS INC COO
COOK,TRAEGER COOK
COOP,MR. COOPER GROUP COOP
COP,CONOCOPHILLIPS COP
CORT,CORCEPT THERAPEUTICS CORT
CORZ,CORE SCIENTIFIC INC CORZ
COST,COSTCO WHOLESALE CORP COST
COTY,COTY COTY
COUP,COUPA SOFTWARE COUP
COUR,COURSERA COUR
COWN,COWEN COWN
CPA,COPA HOLDINGS S.A. CL A CPA
CPB,CAMPBELL SOUP CPB
CPE,CALLON PETROLEUM CPE
CPF,CENTRAL PACIFIC FINANCIAL CPF
CPK,CHESAPEAKE UTILITIES CORP CPK
CPRI,CAPRI HOLDINGS LIMITED CPRI
CPRT,COPART INC CPRT
CPRX,CATALYST PHARMACEUTICALS CPRX
CPSI,COMPUTER PROGRAMS & SYSTEMS CPSI
CPSS,CONSUMER PORTFOLIO CPSS
CPT,CAMDEN PROPERTY CPT
CPTN,CEPTON INC (A) CPTN
CR,CRANE HOLDINGS CO CR
CRAI,CRA INTERNATIONAL CRAI
CRBU,CARIBOU BIOSCIENCES CRBU
CRC,CALIFORNIA RESOURCES CRC
CRD.A,CRAWFORD CO A CRD.A
CRDO,CREDO TECHNOLOGY GROUP HOLDING CRDO
CRGE,CHARGE ENTERPRISES CRGE
CRGY,CRESCENT ENERGY COMPANY CRGY
CRI,CARTERS CRI
CRK,COMSTOCK RSCS CRK
CRL,CHARLES RIVER LABORATORIES CRL
CRM,SALESFORCE INC CRM
CRMT,AMERICA CAR MART CRMT
CRNC,CERENCE CRNC
CRNX,CRINETICS PHARMACEUTICALS CRNX
CROX,CROCS CROX
CRS,CARPENTER TECH CRS
CRSR,CORSAIR GAMING CRSR
CRUS,CIRRUS LOGIC CRUS
CRVL,CORVEL CORP CRVL
CRWD,CROWDSTRIKE HOLDINGS CRWD
CSCO,CISCO SYSTEMS CSCO
CSGP,COSTAR GROUP CSGP
CSGS,CSG SYSTEMS INTL CSGS
CSII,CARDIOVASCULAR SYSTEMS INC CSII
CSL,CARLISLE COS INC CSL
CSR,CENTERSPACE CSR
CSTE,CAESARSTONE LTD CSTE
CSTL,CASTLE BIOSCIENCES CSTL
CSTM,CONSTELLIUM SE CSTM
CSTR,CAPSTAR FINANCIAL HOLDINGS CSTR
CSV,CARRIAGE SVCS CSV
CSWI,CSW INDUSTRIALS CSWI
CSX,CSX CORP CSX
CTAS,CINTAS CORP CTAS
CTBI,COMMUNITY TST CTBI
CTIC,CTI BIOPHARMA CTIC
CTKB,CYTEK BIOSCIENCES CTKB
CTLP,CANTALOUPE INC CTLP
CTLT,CATALENT CTLT
CTO,CTO REALTY GROWTH INC CTO
CTOS,CUSTOM TRUCK ONE SOURCE INC (A) CTOS
CTRA,COTERRA ENERGY INC CTRA
CTRE,CARETRUST REIT CTRE
CTRN,CITI TRENDS CTRN
CTS,CTS CTS
CTSH,COGNIZANT TECH SOLUTIONS CTSH
CTT,CATCHMARK TIMBER TRUST CTT
CTV,INNOVID CORP (A) CTV
CTVA,CORTEVA CTVA
CTXS,CITRIX SYSTEMS CTXS
CUBE,CUBESMART CUBE
CUBI,CUSTOMERS BANCORP CUBI
CURO,CURO GROUP HOLDINGS CURO
CURV,TORRID HOLDINGS CURV
CUTR,CUTERA CUTR
CUZ,COUSINS PROPERTY CUZ
CVBF,CVB FINANCIAL CVBF
CVCO,CAVCO INDUSTRIES CVCO
CVET,COVETRUS CVET
CVGW,CALAVO GROWERS INC CVGW
CVI,CVR ENERGY CVI
CVLG,COVENANT LOGISTICS GROUP INC CVLG
CVLT,COMMVAULT SYSTEMS CVLT
CVNA,CARVANA CVNA
CVS,CVS HEALTH CORPORATION CVS
CVT,CVENT HOLDING CORP (A) CVT
CVX,CHEVRON CVX
CW,CURTISS WRIGHT CW
CWEN,CLEARWAY ENERGY (C) CWEN
CWEN.A,CLEARWAY ENERGY CWEN.A
CWH,CAMPING WORLD HOLDINGS CWH
CWK,CUSHMAN & WAKEFIELD CWK
CWST,CASELLA WASTE CWST
CWT,CALIFORNIA WATER SERVICE GROUP CWT
CXW,CORECIVIC CXW
CYBE,CYBEROPTICS CP CYBE
CYH,COMMUNITY HEALTH SYSTEM CYH
CYRX,CRYOPORT INC. CYRX
CYTK,CYTOKINETICS CYTK
CYXT,CYXTERA TECHNOLOGIES INC (A) CYXT
CZNC,CITIZENS & NORTHERN CZNC
CZR,CAESARS ENTERTAINMENT INC CZR
D,DOMINION ENERGY D
DAL,DELTA AIR LINES DAL
DAN,DANA DAN
DAR,DARLING INGREDIENTS DAR
DASH,DOORDASH DASH
DAWN,DAY ONE BIOPHARMACEUTICALS DAWN
DBD,DIEBOLD NIXDORF DBD
DBI,DESIGNER BRANDS DBI
DBRG,DIGITALBRIDGE GROUP INC DBRG
DBX,DROPBOX DBX
DC,DAKOTA GOLD CORP DC
DCGO,DOCGO INC DCGO
DCI,DONALDSON CO INC DCI
DCO,DUCOMMUN INC DCO
DCOM,DIME COMMUNITY BANCSHARES INC DCOM
DCPH,DECIPHERA PHARMACEUTICALS DCPH
DCT,DUCK CREEK TECHNOLOGIES DCT
DD,DUPONT DE NEMOURS DD
DDD,3-D SYSTEMS DDD
DDOG,DATADOG DDOG
DDS,DILLARD'S INC DDS
DE,DEERE & CO DE
DEA,EASTERLY GOVERNMENT PROPERTIES DEA
DECK,DECKERS OUTDOOR DECK
DEI,DOUGLAS EMMETT DEI
DELL,DELL TECHNOLOGIES DELL
DEN,DENBURY DEN
DENN,DENNYS CORP DENN
DFH,DREAM FINDERS HOMES DFH
DFIN,DONNELLEY FINANCIAL SOLUTIONS DFIN
DFS,DISCOVER FINANCIAL SERVICES DFS
DG,DOLLAR GENERAL DG
DGICA,DONEGAL GROUP A DGICA
DGII,DIGI INTERNATIONAL DGII
DGX,QUEST DIAGNOSTICS DGX
DH,DEFINITIVE HEALTHCARE DH
DHC,DIVERSIFIED HEALTHCARE TRUST DHC
DHI,D.R. HORTON INC DHI
DHIL,DIAMOND HILL INVESTMENT GRP DHIL
DHR,DANAHER CORP DHR
DHT,DHT HOLDINGS DHT
DHX,DHI GROUP DHX
DIBS,1STDIBS.COM DIBS
DICE,DICE THERAPEUTICS INC DICE
DIN,DINE BRANDS GLOBAL DIN
DINO,HF SINCLAIR CORPORATION DINO
DIOD,DIODES INC DIOD
DIS,DISNEY (WALT) COMPANY DIS
DISH,DISH NETWORK DISH
DJCO,DAILY JOURNAL DJCO
DK,DELEK US HOLDINGS DK
DKNG,DRAFTKINGS INC (A) DKNG
DKS,DICK'S SPORTING GOODS INC DKS
DLB,DOLBY LABS A DLB
DLR,DIGITAL REALTY TRUST DLR
DLTH,DULUTH HOLDINGS DLTH
DLTR,DOLLAR TREE DLTR
DLX,DELUXE CORP DLX
DM,DESKTOP METAL INC (A) DM
DMRC,DIGIMARC CORP. DMRC
DNA,GINKGO BIOWORKS HOLDINGS INC (A) DNA
DNB,DUN AND BRADSTREET HOLDINGS DNB
DNLI,DENALI THERAPEUTICS DNLI
DNMR,DANIMER SCIENTIFIC INC (A) DNMR
DNOW,NOW INC. DNOW
DNUT,KRISPY KREME DNUT
DO,DIAMOND OFFSHORE DRILLING DO
DOC,PHYSICIANS REALTY TRUST DOC
DOCN,DIGITALOCEAN HOLDINGS DOCN
DOCS,DOXIMITY DOCS
DOCU,DOCUSIGN DOCU
DOMA,DOMA HOLDINGS INC (A) DOMA
DOMO,DOMO INCORPORATED DOMO
DOOR,MASONITE INTERNATIONAL CORP DOOR
DORM,DORMAN PRODUCTS DORM
DOUG,DOUGLAS ELLIMAN INC DOUG
DOV,DOVER CORP DOV
DOW,DOW INC DOW
DOX,AMDOCS DOX
DPZ,DOMINOS PIZZA DPZ
DRE,DUKE REALTY CORP DRE
DRH,DIAMONDROCK HOSPITALITY DRH
DRI,DARDEN RESTAURANTS DRI
DRQ,DRIL-QUIP DRQ
DRVN,DRIVEN BRANDS HOLDINGS DRVN
DSEY,DIVERSEY HOLDINGS DSEY
DSGN,DESIGN THERAPEUTICS DSGN
DSGR,DISTRIBUTION SOLUTIONS GROUP INC DSGR
DSKE,DASEKE INC DSKE
DSP,VIANT TECHNOLOGY DSP
DT,DYNATRACE DT
DTC,SOLO BRANDS DTC
DTE,DTE ENERGY DTE
DTM,DT MIDSTREAM DTM
DUK,DUKE ENERGY CORP DUK
DUOL,DUOLINGO DUOL
DV,DOUBLEVERIFY HOLDINGS DV
DVA,DAVITA DVA
DVAX,DYNAVAX TECHNOLOGIES DVAX
DVN,DEVON ENERGY DVN
DX,DYNEX CAPITAL DX
DXC,DXC TECHNOLOGY COMPANY DXC
DXCM,DEXCOM DXCM
DXLG,DESTINATION XL GROUP DXLG
DXPE,DXP ENTERPRISES DXPE
DY,DYCOM INDS INC DY
DYN,DYNE THERAPEUTICS DYN
DZSI,DZS INC DZSI
EA,ELECTRONIC ARTS EA
EAF,GRAFTECH INTERNATIONAL EAF
EAT,BRINKER INTERNATIONAL EAT
EB,EVENTBRITE EB
EBAY,EBAY EBAY
EBC,EASTERN BANKSHARES EBC
EBF,ENNIS EBF
EBIX,EBIX INC EBIX
EBS,EMERGENT BIOSOLUTIONS EBS
EBTC,ENTERPRISE BANCORP EBTC
ECL,ECOLAB ECL
ECOM,CHANNELADVISOR CORP ECOM
ECPG,ENCORE CAPITAL GROUP ECPG
ECVT,ECOVYST INC ECVT
ED,CONS EDISON HOLDING ED
EDIT,EDITAS MEDICINE EDIT
EE,EXCELERATE ENERGY EE
EEFT,EURONET WORLDWIDE EEFT
EFC,ELLINGTON FINANCIAL INC EFC
EFSC,ENTERPRISE FINANCIAL SERVICES EFSC
EFX,EQUIFAX EFX
EGAN,EGAIN EGAN
EGBN,EAGLE BANCORP EGBN
EGHT,8X8 EGHT
EGIO,EDGIO INC EGIO
EGLE,EAGLE BULK SHIPPING EGLE
EGP,EASTGROUP PROPERTIES EGP
EGRX,EAGLE PHARMACEUTICALS EGRX
EGY,VAALCO ENERGY EGY
EHC,ENCOMPASS HEALTH EHC
EHTH,EHEALTH EHTH
EIG,EMPLOYERS HOLDINGS EIG
EIGR,EIGER BIOPHARMACEUTICALS EIGR
EIX,EDISON INTERNATIONAL EIX
EL,LAUDER (ESTEE) EL
ELAN,ELANCO ANIMAL HEALTH ELAN
ELF,E.L.F BEAUTY ELF
ELS,EQUITY LIFESTYLE PROPERTIES ELS
ELY,CALLAWAY GOLF ELY
EMBC,EMBECTA EMBC
EME,EMCOR GROUP EME
EMN,EASTMAN CHEMICAL EMN
EMR,EMERSON ELECTRIC EMR
ENDP,ENDO INTERNATIONAL PLC ENDP
ENFN,ENFUSION ENFN
ENOB,ENOCHIAN BIOSCIENCES ENOB
ENOV,ENOVIS CORPORATION ENOV
ENPH,ENPHASE ENERGY INC ENPH
ENR,ENERGIZER HOLDINGS ENR
ENS,ENERSYS ENS
ENSG,ENSIGN GROUP ENSG
ENTA,ENANTA PHARMACEUTICALS INC ENTA
ENTG,ENTEGRIS INC ENTG
ENV,ENVESTNET ENV
ENVA,ENOVA INTERNATIONAL ENVA
ENVX,ENOVIX CORP ENVX
EOG,EOG RESOURCES EOG
EOLS,EVOLUS EOLS
EP,EMPIRE PETROLEUM CORP. EP
EPAC,ENERPAC TOOL GROUP CORP EPAC
EPAM,EPAM SYSTEMS EPAM
EPC,EDGEWELL PERSONAL CARE EPC
EPR,EPR PROPERTIES EPR
EPRT,ESSENTIAL PROPERTIES REALTY TRUST EPRT
EQBK,EQUITY BANCSHARES EQBK
EQC,EQUITY COMMONWEALTH EQC
EQH,EQUITABLE HOLDINGS EQH
EQIX,EQUINIX INC EQIX
EQR,EQUITY RESIDENTIAL EQR
EQRX,EQRX INC (A) EQRX
EQT,EQT CORPORATION EQT
ERAS,ERASCA ERAS
ERIE,ERIE INDEMNITY ERIE
ERII,ENERGY RECOVERY INC. ERII
ES,EVERSOURCE ENERGY ES
ESAB,ESAB CORPORATION ESAB
ESE,ESCO TECHNOLOGIES ESE
ESGR,ENSTAR GROUP ESGR
ESI,ELEMENT SOLUTIONS ESI
ESMT,ENGAGESMART ESMT
ESNT,ESSENT GROUP ESNT
ESPR,ESPERION THERAPEUTICS INC ESPR
ESQ,ESQUIRE FINANCIAL HOLDINGS ESQ
ESRT,EMPIRE STATE REALTY TRUST ESRT
ESS,ESSEX PROP TRUST ESS
ESTC,ELASTIC N.V. ESTC
ESTE,EARTHSTONE ENERGY ESTE
ETD,ETHAN ALLEN INTERIORS ETD
ETN,EATON CORP PLC ETN
ETR,ENTERGY CORP ETR
ETRN,EQUITRANS MIDSTREAM ETRN
ETSY,ETSY ETSY
ETWO,E2OPEN PARENT HOLDINGS INC (A) ETWO
EVA,ENVIVA INC EVA
EVBG,EVERBRIDGE EVBG
EVC,ENTRAVISION COMMS EVC
EVCM,EVERCOMMERCE EVCM
EVER,EVERQUOTE EVER
EVGO,EVGO INC (A) EVGO
EVH,EVOLENT HEALTH EVH
EVLV,EVOLV TECHNOLOGIES HOLDINGS INC (A) EVLV
EVOP,EVO PAYMENTS EVOP
EVR,EVERCORE EVR
EVRG,EVERGY EVRG
EVRI,EVERI HOLDINGS EVRI
EVTC,EVERTEC EVTC
EW,EDWARDS LIFESCIENCES EW
EWBC,EAST WEST BANCORP EWBC
EWCZ,EUROPEAN WAX CENTER EWCZ
EWTX,EDGEWISE THERAPEUTICS EWTX
EXAS,EXACT SCIENCES EXAS
EXC,EXELON CORPORATION EXC
EXEL,EXELIXIS INC EXEL
EXLS,EXLSERVICE HOLDINGS EXLS
EXP,EAGLE MATERIALS EXP
EXPD,EXPEDITORS INTL WASHINGTON EXPD
EXPE,EXPEDIA GROUP EXPE
EXPI,EXP WORLD HOLDINGS EXPI
EXPO,EXPONENT INC EXPO
EXPR,EXPRESS EXPR
EXR,EXTRA SPACE STORAGE EXR
EXTR,EXTREME NETWORKS EXTR
EYE,NATIONAL VISION HOLDINGS EYE
EYPT,EYEPOINT PHARMACEUTICALS EYPT
EZPW,EZCORP INC A EZPW
F,FORD MOTOR COMPANY F
FA,FIRST ADVANTAGE CORPORATION NEW FA
FAF,FIRST AMERICAN FINANCIAL FAF
FANG,DIAMONDBACK ENERGY FANG
FARO,FARO TECHNOLOGY FARO
FAST,FASTENAL CO FAST
FATE,FATE THERAPEUTICS INC FATE
FATH,FATHOM DIGITAL MANUFACTURING CORP (A) FATH
FBC,FLAGSTAR BANCORP FBC
FBHS,FORTUNE BRANDS HOME & SECURITY FBHS
FBIZ,FIRST BUSINESS FINANCIAL SERVICES FBIZ
FBK,FB FINANCIAL FBK
FBMS,FIRST BANCSHARES INC. FBMS
FBNC,FIRST BANCORP FBNC
FBP,FIRST BANCORP PUERTO RICO FBP
FBRT,FRANKLIN BSP REALTY TRUST INC FBRT
FC,FRANKLIN COVEY FC
FCBC,FIRST COMMUNITY BANCSHARES FCBC
FCEL,FUELCELL ENERGY FCEL
FCF,FIRST COMMONWEALTH FIN FCF
FCFS,FIRSTCASH HOLDINGS INC FCFS
FCN,FTI CONSULTING FCN
FCNCA,FIRST CITIZENS BANCSH A FCNCA
FCPT,FOUR CORNERS PROPERTY TRUST FCPT
FCUV,FOCUS UNIVERSAL FCUV
FCX,FREEPORT-MCMORAN FCX
FDMT,4D MOLECULAR THERAPEUTICS FDMT
FDP,FRESH DEL MONTE FDP
FDS,FACTSET RESEARCH SYSTEMS FDS
FDX,FEDEX CORPORATION FDX
FE,FIRSTENERGY CORP. FE
FEAM,5E ADVANCED MATERIALS INC FEAM
FELE,FRANKLIN ELEC FELE
FF,FUTUREFUEL CORP. FF
FFBC,FIRST FINANCIAL BANCORP FFBC
FFIC,FLUSHING FINANCIAL FFIC
FFIE,FARADAY FUTURE INTELLIGENT ELECTRIC INC FFIE
FFIN,FIRST FINL BANKSHARES FFIN
FFIV,F5 INC FFIV
FFWM,FIRST FOUNDATION FFWM
FGBI,FIRST GUARANTY BANCSHARES FGBI
FGEN,FIBROGEN FGEN
FHB,FIRST HAWAIIAN FHB
FHI,FEDERATED HERMES INC FHI
FHN,FIRST HORIZON CORPORATION FHN
FHTX,FOGHORN THERAPEUTICS FHTX
FIBK,FIRST INTERSTATE BANCSYSTEM FIBK
FICO,FAIR ISAAC FICO
FIGS,FIGS INC FIGS
FIS,FIDELITY NATL INFORMATION SERVICES FIS
FISI,FINANCIAL INSTITUTIONS FISI
FISV,FISERV INC FISV
FITB,FIFTH THIRD BANCORP FITB
FIVE,FIVE BELOW FIVE
FIVN,FIVE9 FIVN
FIX,COMFORT SYSTEMS USA FIX
FIZZ,NATIONAL BEVERAGE FIZZ
FL,FOOT LOCKER INC FL
FLGT,FULGENT GENETICS FLGT
FLIC,FIRST LONG ISLAND FLIC
FLL,FULL HOUSE RESORTS INC. FLL
FLNC,FLUENCE ENERGY FLNC
FLNG,FLEX LNG LIMITED FLNG
FLO,FLOWERS FOODS INC FLO
FLR,FLUOR CORPORATION FLR
FLS,FLOWSERVE CP FLS
FLT,FLEETCOR TECHNOLOGIES FLT
FLWS,1-800-FLOWERS.COM CL A FLWS
FLYW,FLYWIRE FLYW
FMAO,FARMERS & MERCHANTS BANCORP INC. FMAO
FMBH,FIRST MID BANCSHARES FMBH
FMC,FMC CORP FMC
FMNB,FARMERS NATIONAL BANC CORP. FMNB
FMTX,FORMA THERAPEUTICS HOLDINGS FMTX
FN,FABRINET FN
FNA,PARAGON 28 FNA
FNB,F.N.B. CORPORATION FNB
FND,FLOOR & DECOR HOLDINGS FND
FNF,FNF GROUP FNF
FNKO,FUNKO CLASS A FNKO
FNLC,THE FIRST BANCORP INC. FNLC
FOA,FINANCE OF AMERICA COMPANIES INC FOA
FOCS,FOCUS FINANCIAL PARTNERS FOCS
FOLD,AMICUS THERAPEUTICS FOLD
FOR,FORESTAR GROUP FOR
FORM,FORMFACTOR FORM
FORR,FORRESTER RESEARCH FORR
FOSL,FOSSIL GROUP FOSL
FOUR,SHIFT4 PAYMENTS FOUR
FOX,FOX CORPORATION CLASS B FOX
FOXA,FOX CORPORATION CLASS A FOXA
FOXF,FOX FACTORY HOLDING FOXF
FPI,FARMLAND PARTNERS REIT FPI
FR,FIRST INDUSTRIAL REALTY TRUST FR
FRBA,FIRST BANK FRBA
FRBK,REP FIRST BANCP FRBK
FRC,FIRST REPUBLIC BANK SAN FRANCISCO FRC
FREE,WHOLE EARTH BRANDS INC (A) FREE
FRG,FRANCHISE GROUP FRG
FRME,FIRST MERCHANTS FRME
FRO,FRONTLINE FRO
FRPH,FRP HOLDINGS FRPH
FRPT,FRESHPET FRPT
FRST,PRIMIS FINANCIAL CORP FRST
FRT,FEDERAL REALTY INVS FRT
FSBC,FIVE STAR BANCORP FSBC
FSLR,FIRST SOLAR INC FSLR
FSLY,FASTLY FSLY
FSP,FRANKLIN STREET PROPERTIES FSP
FSR,FISKER INC (A) FSR
FSS,FEDERAL SIGNAL FSS
FTCI,FTC SOLAR FTCI
FTDR,FRONTDOOR FTDR
FTNT,FORTINET FTNT
FTV,FORTIVE FTV
FUBO,FUBOTV FUBO
FUL,FULLER H B CO FUL
FULC,FULCRUM THERAPEUTICS FULC
FULT,FULTON FINANCIAL CORP FULT
FVCB,FVCBANKCORP FVCB
FWONA,LIBERTY FORMULA ONE SERIES A FWONA
FWONK,LIBERTY FORMULA ONE SERIES C FWONK
FWRD,FORWARD AIR CORP FWRD
FWRG,FIRST WATCH RESTAURANT GROUP FWRG
FXLV,F45 TRAINING HOLDINGS FXLV
FYBR,FRONTIER COMMUNICATIONS PARENT INC FYBR
G,GENPACT G
GABC,GERMAN AMERICAN BANCORP GABC
GAMB,GAMBLING.COM GROUP GAMB
GATX,GATX CORP GATX
GBCI,GLACIER BANCORP GBCI
GBIO,GENERATION BIO GBIO
GBL,GAMCO INVESTORS GBL
GBT,GLOBAL BLOOD THERAPEUTICS GBT
GBX,GREENBRIER CO GBX
GCBC,GREENE COUNTY GCBC
GCI,GANNETT CO INC GCI
GCMG,GCM GROSVENOR INC (A) GCMG
GCO,GENESCO INC GCO
GCP,GCP APPLIED TECHNOLOGIES GCP
GD,GENERAL DYNAMICS CORP GD
GDDY,GODADDY GDDY
GDEN,GOLDEN ENTERTAINMENT GDEN
GDOT,GREEN DOT GDOT
GDYN,GRID DYNAMICS HOLDINGS INC (A) GDYN
GE,GENERAL ELECTRIC GE
GEF,GREIF INC A GEF
GEF.B,GREIF INC B GEF.B
GEO,GEO GROUP GEO
GERN,GERON CORP GERN
GES,GUESS INC GES
GEVO,GEVO GEVO
GFF,GRIFFON GFF
GFS,GLOBALFOUNDRIES GFS
GGG,GRACO INC GGG
GH,GUARDANT HEALTH GH
GHC,GRAHAM HOLDINGS GHC
GIC,GLOBAL INDUSTRIAL COMPANY GIC
GIII,G-III APPAREL GIII
GILD,GILEAD SCIENCES GILD
GIS,GENERAL MILLS GIS
GKOS,GLAUKOS GKOS
GL,GLOBE LIFE GL
GLDD,GREAT LAKES DREDGE & DOCK GLDD
GLNG,GOLAR LNG LTD. GLNG
GLOB,GLOBANT SA GLOB
GLPI,GAMING & LEISURE PROPERTIES GLPI
GLRE,GREENLIGHT CAPITAL RE LTD GLRE
GLS,GELESIS HOLDING INC (A) GLS
GLT,GLATFELTER CORPORATION GLT
GLUE,MONTE ROSA THERAPEUTICS INC GLUE
GLW,CORNING GLW
GM,GENERAL MOTORS GM
GME,GAMESTOP CORP GME
GMED,GLOBUS MEDICAL GMED
GMRE,GLOBAL MEDICAL REIT GMRE
GMS,GYPSUM MANAGEMENT AND SUPPLY GMS
GNK,GENCO SHIPPING & TRADING LTD. GNK
GNL,GLOBAL NET LEASE GNL
GNRC,GENERAC HOLDINGS GNRC
GNTX,GENTEX CORP GNTX
GNTY,GUARANTY BANC GNTY
GNW,GENWORTH FINANCIAL CLASS A GNW
GO,GROCERY OUTLET HOLDING GO
GOEV,CANOO INC (A) GOEV
GOGL,GOLDEN OCEAN GROUP LIMITED GOGL
GOGO,GOGO INC. GOGO
GOLF,ACUSHNET HOLDINGS GOLF
GOOD,GLADSTONE COMMERCIAL GOOD
GOOG,ALPHABET CLASS C GOOG
GOOGL,ALPHABET CLASS A GOOGL
GOSS,GOSSAMER BIO GOSS
GPC,GENUINE PARTS GPC
GPI,GROUP 1 AUTO GPI
GPK,GRAPHIC PACKAGING HOLDING GPK
GPMT,GRANITE POINT MORTGAGE TRUST GPMT
GPN,GLOBAL PAYMENTS INC GPN
GPOR,GULFPORT ENERGY CORP GPOR
GPRE,GREEN PLAINS GPRE
GPRO,GOPRO GPRO
GPS,GAP GPS
GRBK,GREEN BRICK PARTNERS GRBK
GRC,GORMAN-RUPP CO GRC
GREE,GREENIDGE GENERATION HOLDINGS INC GREE
GRMN,GARMIN LTD GRMN
GRNA,GREENLIGHT BIOSCIENCES HOLDINGS (A) GRNA
GRPN,GROUPON GRPN
GRWG,GROWGENERATION GRWG
GS,GOLDMAN SACHS GROUP GS
GSAT,GLOBALSTAR GSAT
GSBC,GREAT SOUTHERN BANCORP GSBC
GSHD,GOOSEHEAD INSURANCE GSHD
GT,GOODYEAR TIRE & RUBBER GT
GTES,GATES INDUSTRIAL GTES
GTLS,CHART INDUSTRIES INC. GTLS
GTN,GRAY TELEVISION INC GTN
GTY,GETTY REALTY GTY
GTYH,GTY TECHNOLOGY HOLDINGS GTYH
GVA,GRANITE CONSTRUCTION GVA
GWH,ESS TECH INC (A) GWH
GWRE,GUIDEWIRE SOFTWARE GWRE
GWRS,GLOBAL WATER RESOURCES GWRS
GWW,GRAINGER (W W) GWW
GXO,GXO LOGISTICS GXO
H,HYATT HOTELS H
HA,HAWAIIAN HOLDINGS HA
HAE,HAEMONETICS HAE
HAFC,HANMI FINANCIAL HAFC
HAIN,HAIN CELESTIAL HAIN
HAL,HALLIBURTON HAL
HALO,HALOZYME THERAPEUTICS HALO
HAS,HASBRO HAS
HASI,HANNON ARMSTRONG SUSTAINABLE INFRASTRUCT HASI
HAYN,HAYNES INTERNATIONAL INC. HAYN
HAYW,HAYWARD HOLDINGS HAYW
HBAN,HUNTINGTON BANCSHARES HBAN
HBCP,HOME BANCORP INC HBCP
HBI,HANESBRANDS HBI
HBNC,HORIZON BANCORP INC HBNC
HBT,HBT FINANCIAL HBT
HCA,HCA HEALTHCARE HCA
HCAT,HEALTH CATALYST HCAT
HCC,WARRIOR MET COAL HCC
HCCI,HERITAGE CRYSTAL CLEAN HCCI
HCI,HCI GROUP HCI
HCKT,THE HACKETT GROUP HCKT
HCSG,HEALTHCARE SERVICES HCSG
HD,HOME DEPOT HD
HDSN,HUDSON TECH INC HDSN
HE,HAWAIIAN ELECTRIC HE
HEAR,TURTLE BEACH CORP. HEAR
HEES,H&E EQUIPMENT SERVICES HEES
HEI,HEICO CORP HEI
HEI.A,HEICO CL A HEI.A
HELE,HELEN OF TROY LTD HELE
HES,HESS CORP. HES
HFFG,HF FOODS GROUP INC HFFG
HFWA,HERITAGE FINL HFWA
HGV,HILTON GRAND VACATIONS HGV
HHC,HOWARD HUGHES HHC
HI,HILLENBRAND HI
HIBB,HIBBETT INC HIBB
HIFS,HINGHAM INST HIFS
HIG,HARTFORD FINANCIAL SERVICES GROUP HIG
HII,HUNTINGTON INGALLS INDUSTRIES HII
HIMS,HIMS AND HERS HEALTH INC (A) HIMS
HIPO,HIPPO HOLDINGS INC (A) HIPO
HIW,HIGHWOODS PROP HIW
HL,HECLA MINING CO HL
HLF,HERBALIFE NUTRITION HLF
HLGN,HELIOGEN INC (A) HLGN
HLI,HOULIHAN LOKEY HLI
HLIO,HELIOS TECHNOLOGIES HLIO
HLIT,HARMONIC INC HLIT
HLLY,HOLLEY INC (A) HLLY
HLMN,HILLMAN SOLUTIONS CORP (A) HLMN
HLNE,HAMILTON LANE CLASS A HLNE
HLT,HILTON WORLDWIDE HLT
HLTH,CUE HEALTH HLTH
HLVX,HILLEVAX HLVX
HLX,HELIX ENERGY SOLUTIONS GROUP HLX
HMN,HORACE MANN EDUCATORS HMN
HMPT,HOME POINT CAPITAL HMPT
HMST,HOMESTREET HMST
HNGR,HANGER HNGR
HNI,HNI CORPORATION HNI
HNST,HONEST COMPANY HNST
HOG,HARLEY-DAVIDSON HOG
HOLX,HOLOGIC INC HOLX
HOMB,HOME BANCSHARES HOMB
HON,HONEYWELL INTERNATIONAL INCORPORATION HON
HONE,HARBORONE BANCRP HONE
HOOD,ROBINHOOD MARKETS HOOD
HOPE,HOPE BANCORP HOPE
HOUS,ANYWHERE REAL ESTATE INC HOUS
HOV,HOVNANIAN ENTERP HOV
HP,HELMERICH & PAYNE HP
HPE,HEWLETT PACKARD ENTERPRISE HPE
HPK,HIGHPEAK ENERGY INC (A) HPK
HPP,HUDSON PACIFIC PROPERTIES HPP
HPQ,HP HPQ
HQY,HEALTHEQUITY HQY
HR,HEALTHCARE REALTY TRUST HR
HRB,BLOCK (H & R) NPV HRB
HRI,HERC HOLDING HRI
HRL,HORMEL FOODS HRL
HRMY,HARMONY BIOSCIENCES HOLDINGS HRMY
HRT,HIRERIGHT HOLDINGS HRT
HRTX,HERON THERAPEUTICS HRTX
HSC,HARSCO CORP HSC
HSIC,HENRY SCHEIN HSIC
HSII,HEIDRICK & STRUGGLES HSII
HSKA,HESKA CORP HSKA
HST,HOST HOTELS & RESORTS HST
HSTM,HEALTHSTREAM HSTM
HSY,HERSHEY COMPANY HSY
HT,HERSHA HOSPITALITY TRUST HT
HTA,HEALTHCARE TRUST OF AMERICA INC HTA
HTBI,HOMETRUST BANCSHARES INC HTBI
HTBK,HERITAGE COMMERCE HTBK
HTH,HILLTOP HOLDINGS HTH
HTLD,HEARTLAND EXPRESS HTLD
HTLF,HEARTLAND FINANCIAL HTLF
HTZ,HERTZ GLOBAL HOLDINGS HTZ
HUBB,HUBBELL HUBB
HUBG,HUB GROUP A HUBG
HUBS,HUBSPOT HUBS
HUM,HUMANA HUM
HUMA,HUMACYTE INC (A) HUMA
HUN,HUNTSMAN HUN
HURN,HURON CONSULTING GROUP HURN
HVT,HAVERTY FURNITURE HVT
HWC,HANCOCK WHITNEY HWC
HWKN,HAWKINS HWKN
HWM,HOWMET AEROSPACE INC HWM
HXL,HEXCEL HXL
HY,HYSTER-YALE MATERIALS HANDLING CL A HY
HYFM,HYDROFARM HOLDINGS HYFM
HYLN,HYLIION HOLDINGS CORP (A) HYLN
HYMC,HYCROFT MINING HOLDING CORP (A) HYMC
HYZN,HYZON MOTORS INC (A) HYZN
HZNP,HORIZON THERAPEUTICS PUBLIC LIMITED COMP HZNP
HZO,MARINEMAX INC HZO
IAA,IAA IAA
IAC,IAC INTERACTIVECORP IAC
IART,INTEGRA LIFESCIENCES HOLDING IART
IAS,INTEGRAL AD SCIENCE HOLDING IAS
IBCP,INDEPENDENT BANK CORP. MICHIGAN IBCP
IBEX,IBEX IBEX
IBKR,INTERACTIVE BROKERS GROUP IBKR
IBM,INTERNATIONAL BUS MACHNS. IBM
IBOC,INTL BANCSHARES IBOC
IBP,INSTALLED BUILDING PRODUCTS IBP
IBRX,IMMUNITYBIO INC IBRX
IBTX,INDEPENDENT BANK GROUP INC IBTX
ICE,INTERCONTINENTAL EXCHANGE ICE
ICFI,ICF INTERNATIONAL ICFI
ICHR,ICHOR HOLDINGS ICHR
ICPT,INTERCEPT PHARMACEUTICALS INC ICPT
ICUI,ICU MEDICAL ICUI
ICVX,ICOSAVAX ICVX
IDA,IDACORP INC IDA
IDCC,INTERDIGITAL IDCC
IDT,IDT CORP. CL B IDT
IDXX,IDEXX LABS IDXX
IDYA,IDEAYA BIOSCIENCES IDYA
IEA,INFRASTRUCTURE AND ENERGY ALTERNATIVES IEA
IESC,IES HOLDINGS IESC
IEX,IDEX CORP IEX
IFF,INTL FLAVOURS & FRAGRANCES IFF
IGMS,IGM BIOSCIENCES IGMS
IGT,INTERNATIONAL GAME TECHNOLOGY PLC IGT
IHRT,IHEARTMEDIA IHRT
III,INFORMATION SERVICES GROUP INC. III
IIIN,INSTEEL INDS IIIN
IIIV,I3 VERTICALS IIIV
IIPR,INNOVATIVE INDUSTRIAL PROPERTIES IIPR
IIVI,II-VI INC IIVI
ILMN,ILLUMINA INC ILMN
ILPT,INDUSTRIAL LOGISTICS PROPERTIES TRUST ILPT
IMAX,IMAX CORP IMAX
IMGN,IMMUNOGEN INC IMGN
IMGO,IMAGO BIOSCIENCES IMGO
IMKTA,INGLES MARKETS CL A IMKTA
IMVT,IMMUNOVANT IMVT
IMXI,INTERNATIONAL MONEY EXPRESS INC IMXI
INBK,FIRST INTERNET BANCORP INBK
INBX,INHIBRX INBX
INCY,INCYTE INCY
INDB,INDEPENDENT BANK MASS INDB
INDI,INDIE SEMICONDUCTOR INC (A) INDI
INDT,INDUS REALTY TRUST INC INDT
INFA,INFORMATICA INFA
INFN,INFINERA INFN
INGN,INOGEN INC INGN
INGR,INGREDION INGR
INN,SUMMIT HOTEL PROPERTIES INN
INNV,INNOVAGE HOLDING INNV
INO,INOVIO PHARMACEUTICALS INC INO
INSE,INSPIRED ENTERTAINMENT INSE
INSG,INSEEGO CORP INSG
INSM,INSMED INC INSM
INSP,INSPIRE MEDICAL SYSTEMS INSP
INST,INSTRUCTURE HOLDINGS INST
INSW,INTERNATIONAL SEAWAYS INSW
INT,WORLD FUEL SERVICES INT
INTA,INTAPP INTA
INTC,INTEL CORP INTC
INTU,INTUIT INTU
INVA,INNOVIVA INVA
INVE,IDENTIV INVE
INVH,INVITATION HOMES INVH
IONQ,IONQ INC (A) IONQ
IONS,IONIS PHARMACEUTICALS IONS
IOSP,INNOSPEC IOSP
IOVA,IOVANCE BIOTHERAPEUTICS IOVA
IP,INTERNATIONAL PAPER IP
IPAR,INTER PARFUMS IPAR
IPG,INTERPUBLIC GROUP COS IPG
IPGP,IPG PHOTONICS IPGP
IPI,INTREPID POTASH IPI
IPSC,CENTURY THERAPEUTICS IPSC
IQV,IQVIA HOLDINGS IQV
IR,INGERSOLL-RAND INC IR
IRBT,IROBOT IRBT
IRDM,IRIDIUM COMMUNICATIONS INC IRDM
IRM,IRON MOUNTAIN IRM
IRMD,IRADIMED CORP IRMD
IRNT,IRONNET INC (A) IRNT
IRT,INDEPENDENCE REALTY TRUST IRT
IRTC,IRHYTHM TECHNOLOGIES IRTC
IRWD,IRONWOOD PHARMACEUTICALS IRWD
ISEE,IVERIC BIO ISEE
ISPO,INSPIRATO INCORPORATED (A) ISPO
ISRG,INTUITIVE SURGICAL ISRG
IT,GARTNER IT
ITCI,INTRA-CELLUAR THERAPIES ITCI
ITGR,INTEGER HOLDINGS ITGR
ITIC,INVESTORS TITL ITIC
ITOS,ITEOS THERAPEUTICS ITOS
ITRI,ITRON INC ITRI
ITT,ITT INC. ITT
ITW,ILLINOIS TOOL WKS ITW
IVR,INVESCO MORTGAGE CAPITAL IVR
IVT,INVENTRUST PROPERTIES IVT
IVZ,INVESCO LIMITED IVZ
J,JACOBS ENGINEERING GROUP J
JACK,JACK IN THE BOX JACK
JAMF,JAMF HOLDING JAMF
JANX,JANUX THERAPEUTICS INC JANX
JAZZ,JAZZ PHARMACEUTICALS JAZZ
JBGS,JBG SMITH PROPERTIES JBGS
JBHT,HUNT (JB) TRANSPORT SERVICES JBHT
JBI,JANUS INTERNATIONAL GROUP (A) JBI
JBL,JABIL JBL
JBLU,JETBLUE AIRWAYS CORP JBLU
JBSS,SANFILIPP & SON JBSS
JBT,JOHN BEAN TECHNOLOGIES JBT
JCI,JOHNSON CONTROLS INTERNATIONAL PLC JCI
JEF,JEFFERIES FINANCIAL GROUP JEF
JELD,JELD-WEN HOLDING JELD
JHG,JANUS HENDERSON GROUP JHG
JJSF,J & J SNACK FOODS JJSF
JKHY,HENRY (JACK) & ASSOCIATES JKHY
JLL,JONES LANG LASALLE JLL
JMSB,JOHN MARSHALL BANCORP INC JMSB
JNCE,JOUNCE THERAPEUTICS JNCE
JNJ,JOHNSON & JOHNSON JNJ
JNPR,JUNIPER NETWORKS JNPR
JOAN,JOANN JOAN
JOBY,JOBY AVIATION INC JOBY
JOE,ST JOE CO (THE) JOE
JOUT,JOHNSON OUTDOOR JOUT
JPM,JPMORGAN CHASE & CO JPM
JRVR,JAMES RIVER GROUP HOLDINGS JRVR
JWN,NORDSTROM JWN
JXN,JACKSON FINANCIAL JXN
JYNT,JOINT CORP JYNT
K,KELLOGG K
KAI,KADANT INC KAI
KALU,KAISER ALUMINUM KALU
KALV,KALVISTA PHARMACEUTICALS KALV
KAMN,KAMAN KAMN
KAR,KAR AUCTION SERVICES KAR
KBAL,KIMBALL INTL B KBAL
KBH,KB HOME KBH
KBR,KBR KBR
KD,KYNDRYL HOLDINGS KD
KDNY,CHINOOK THERAPEUTICS INC KDNY
KDP,KEURIG DR PEPPER KDP
KE,KIMBALL ELECTRONICS KE
KELYA,KELLY SERVICES A KELYA
KEX,KIRBY CORP KEX
KEY,KEYCORP KEY
KEYS,KEYSIGHT TECHNOLOGIES KEYS
KFRC,KFORCE KFRC
KFY,KORN FERRY KFY
KHC,KRAFT HEINZ KHC
KIDS,ORTHOPEDIATRICS KIDS
KIM,KIMCO REALTY CP KIM
KKR,KKR & CO INC KKR
KLAC,KLA CORPORATION KLAC
KLIC,KULICKE SOFFA KLIC
KLR,KALEYRA KLR
KMB,KIMBERLY-CLARK KMB
KMI,KINDER MORGAN KMI
KMPR,KEMPER CORP KMPR
KMT,KENNAMETAL INC KMT
KMX,CARMAX INC KMX
KN,KNOWLES CORP. KN
KNBE,KNOWBE4 KNBE
KNSA,KINIKSA PHARMACEUTICALS KNSA
KNSL,KINSALE CAPITAL GROUP KNSL
KNTE,KINNATE BIOPHARMA KNTE
KNTK,KINETIK HOLDINGS INC (A) KNTK
KNX,KNIGHT-SWIFT TRANSPORTATION HOLDINGS KNX
KO,COCA-COLA KO
KOD,KODIAK SCIENCES KOD
KODK,EASTMAN KODAK CO KODK
KOP,KOPPERS HOLDINGS KOP
KORE,KORE GROUP HOLDINGS INC (A) KORE
KOS,KOSMOS ENERGY KOS
KPTI,KARYOPHARM THERAPEUTICS KPTI
KR,KROGER KR
KRC,KILROY REALTY KRC
KREF,KKR REAL ESTATE FINANCE TRUST KREF
KRG,KITE REALTY GROUP TRUST KRG
KRNY,KEARNY FINANCIAL KRNY
KRO,KRONOS WORLDWIDE KRO
KRON,KRONOS BIO KRON
KROS,KEROS THERAPEUTICS KROS
KRT,KARAT PACKAGING KRT
KRTX,KARUNA THERAPEUTICS KRTX
KRUS,KURA SUSHI USA KRUS
KRYS,KRYSTAL BIOTECH KRYS
KSS,KOHL'S CORP KSS
KTB,KONTOOR BRANDS KTB
KTOS,KRATOS DEFENSE & SECURITY SOLUTIONS KTOS
KURA,KURA ONCOLOGY KURA
KW,KENNEDY-WILSON HOLDINGS INC KW
KWR,QUAKER HOUGHTON KWR
KYMR,KYMERA THERAPEUTICS KYMR
KZR,KEZAR LIFE SCIENCES KZR
L,LOEW'S L
LAD,LITHIA MOTORS LAD
LADR,LADDER CAPITAL LADR
LAMR,LAMAR ADVERTISING LAMR
LANC,LANCASTER COLONY LANC
LAND,GLADSTONE LAND LAND
LASR,NLIGHT LASR
LAUR,LAUREATE EDUCATION LAUR
LAW,CS DISCO LAW
LAZ,LAZARD CLASS A LAZ
LAZR,LUMINAR TECHNOLOGIES INC (A) LAZR
LBAI,LAKELAND BANCORP INC LBAI
LBC,LUTHER BURBANK LBC
LBRDA,LIBERTY BROADBAND SERIES A LBRDA
LBRDK,LIBERTY BROADBAND SERIES C LBRDK
LBRT,LIBERTY ENERGY INC (A) LBRT
LC,LENDINGCLUB LC
LCID,LUCID GROUP INC (A) LCID
LCII,LCI INDUSTRIES LCII
LCUT,LIFETIME BRANDS LCUT
LDOS,LEIDOS HOLDINGS LDOS
LE,LANDS END LE
LEA,LEAR CORP LEA
LECO,LINCOLN ELECTRIC HOLDINGS LECO
LEG,LEGGETT & PLATT LEG
LEGH,LEGACY HOUSING CORP LEGH
LEN,LENNAR CLASS A LEN
LEN.B,LENNAR CORP. CL B LEN.B
LESL,LESLIES LESL
LEU,CENTRUS ENERGY CORPORATION LEU
LFG,ARCHAEA ENERGY INC (A) LFG
LFLY,LEAFLY HOLDINGS INC LFLY
LFST,LIFESTANCE HEALTH GROUP LFST
LFUS,LITTELFUSE LFUS
LGF.A,LIONS GATE ENTERTAINMENT CLASS A LGF.A
LGF.B,LIONS GATE ENTERTAINMENT CLASS B LGF.B
LGIH,LGI HOMES LGIH
LGND,LIGAND PHARM B LGND
LH,LABORATORY CORP OF AMERICA LH
LHCG,LHC GROUP LHCG
LHX,L3HARRIS TECHNOLOGIES LHX
LICY,LI CYCLE HOLDINGS CORP (A) LICY
LIDR,AEYE INC LIDR
LII,LENNOX INTL INC LII
LILA,LIBERTY LATIN AMERICA A LILA
LILAK,LIBERTY LATIN AMERICA C LILAK
LIN,LINDE PLC LIN
LIND,LINDBLAD EXPEDITIONS HOLDINGS LIND
LITE,LUMENTUM HOLDINGS LITE
LIVN,LIVANOVA LIVN
LKFN,LAKELAND FINANCIAL LKFN
LKQ,LKQ LKQ
LL,LL FLOORING HOLDINGS INC LL
LLAP,TERRAN ORBITAL CORPORATION (A) LLAP
LLY,LILLY (ELI) & CO LLY
LMAT,LEMAITRE VASCULAR LMAT
LMND,LEMONADE LMND
LMT,LOCKHEED MARTIN CORP LMT
LNC,LINCOLN NATIONAL CORP LNC
LNDC,LANDEC CORP LNDC
LNG,CHENIERE ENERGY LNG
LNN,LINDSAY CORPORATION LNN
LNT,ALLIANT ENERGY LNT
LNTH,LANTHEUS HOLDINGS LNTH
LNW,LIGHT & WONDER INC LNW
LOB,LIVE OAK BANCSHARES LOB
LOCL,LOCAL BOUNTI CORPORATION (A) LOCL
LOCO,EL POLLO LOCO HOLDINGS LOCO
LOPE,GRAND CANYON EDUCATION INC. LOPE
LOVE,LOVESAC LOVE
LOW,LOWES COS INC LOW
LPG,DORIAN LPG LPG
LPI,LAREDO PETROLEUM LPI
LPLA,LPL FINANCIAL HOLDINGS LPLA
LPRO,OPEN LENDING CORPORATION (A) LPRO
LPSN,LIVEPERSON INC LPSN
LPX,LOUISIANA-PACIFIC LPX
LQDA,LIQUIDIA CORPORATION LQDA
LQDT,LIQUIDITY SERVICES LQDT
LRCX,LAM RESEARCH LRCX
LRN,STRIDE INC LRN
LSCC,LATTICE SEMICONDUCTOR LSCC
LSEA,LANDSEA HOMES CORP (A) LSEA
LSI,LIFE STORAGE LSI
LSTR,LANDSTAR SYS LSTR
LSXMA,LIBERTY SIRIUSXM SERIES A LSXMA
LSXMK,LIBERTY SIRIUSXM SERIES C LSXMK
LTC,LTC PROPERTIES LTC
LTCH,LATCH INC (A) LTCH
LTH,LIFE TIME GROUP HOLDINGS LTH
LTHM,LIVENT LTHM
LULU,LULULEMON ATHLETICA INC. LULU
LUMN,LUMEN TECHNOLOGIES INC LUMN
LUNG,PULMONX LUNG
LUV,SOUTHWEST AIRLINES LUV
LVLU,LULUS FASHION LOUNGE HOLDINGS LVLU
LVOX,LIVEVOX HOLDINGS INC (A) LVOX
LVS,LAS VEGAS SANDS LVS
LW,LAMB WESTON HOLDINGS LW
LWLG,LIGHTWAVE LOGIC LWLG
LXFR,LUXFER HOLDINGS LXFR
LXP,LXP INDUSTRIAL TRUST LXP
LXRX,LEXICON PHARMACEUTICALS INC LXRX
LXU,LSB INDUSTRIES LXU
LYB,LYONDELLBASELL INDUSTRIES CL A LYB
LYEL,LYELL IMMUNOPHARMA LYEL
LYFT,LYFT LYFT
LYLT,LOYALTY VENTURES LYLT
LYV,LIVE NATION ENTERTAINMENT LYV
LZ,LEGALZOOM.COM INC LZ
LZB,LA-Z-BOY INC LZB
M,MACYS M
MA,MASTERCARD CL A MA
MAA,MID-AMERICA APARTMENT COMM MAA
MAC,MACERICH MAC
MAN,MANPOWERGROUP MAN
MANH,MANHATTAN ASSOC MANH
MANT,MANTECH INTL CORP MANT
MAPS,WM TECHNOLOGY INC (A) MAPS
MAR,MARRIOTT INTERNATIONAL MAR
MARA,MARATHON DIGITAL HOLDINGS INC MARA
MAS,MASCO CORP MAS
MASI,MASIMO MASI
MASS,908 DEVICES MASS
MAT,MATTEL MAT
MATW,MATTHEWS INTL A MATW
MATX,MATSON INC. MATX
MAX,MEDIAALPHA MAX
MAXR,MAXAR TECHNOLOGIES MAXR
MBI,MBIA MBI
MBIN,MERCHANTS BANCORP MBIN
MBUU,MALIBU BOATS MBUU
MBWM,MERCANTILE BANK MBWM
MC,MOELIS & COMPANY MC
MCB,METROPOLITAN BANK HOLDING MCB
MCBC,MACATAWA BANK MCBC
MCBS,METROCITY BANKSHARES MCBS
MCD,MCDONALDS CORP MCD
MCFT,MASTERCRAFT BOAT HOLDINGS MCFT
MCHP,MICROCHIP TECHNOLOGY MCHP
MCK,MCKESSON MCK
MCO,MOODYS CORPORATION MCO
MCRB,SERES THERAPEUTICS MCRB
MCRI,MONARCH CASINO MCRI
MCS,MARCUS CORPORATION MCS
MCW,MISTER CAR WASH MCW
MCY,MERCURY GENERAL MCY
MD,MEDNAX MD
MDB,MONGODB MDB
MDC,MDC HOLDINGS INC MDC
MDGL,MADRIGAL PHARMACEUTICALS MDGL
MDLZ,MONDELEZ INTERNATIONAL INC. MDLZ
MDRX,ALLSCRIPTS HEALTHCARE SOLUTIONS MDRX
MDT,MEDTRONIC PLC MDT
MDU,MDU RESOURCES MDU
MDXG,MIMEDX GROUP MDXG
ME,23ANDME HOLDING CO ME
MED,MEDIFAST INC MED
MEDP,MEDPACE HOLDINGS MEDP
MEG,MONTROSE ENVIRONMENTAL GROUP MEG
MEI,METHODE ELECTRONICS MEI
MET,METLIFE MET
META,META PLATFORMS INC META
METC,RAMACO RESOURCES METC
MFA,MFA FINANCIAL MFA
MGEE,MGE ENERGY MGEE
MGI,MONEYGRAM INTERNATIONAL MGI
MGM,MGM RESORTS INTERNATIONAL MGM
MGNI,MAGNITE INC MGNI
MGNX,MACROGENICS MGNX
MGPI,MGP INGREDIENTS MGPI
MGRC,MCGRATH RENT CORP MGRC
MGTX,MEIRAGTX HOLDINGS PLC MGTX
MGY,MAGNOLIA OIL & GAS CORPORATION (A) MGY
MHK,MOHAWK INDUSTRIES MHK
MHO,M/I HOMES MHO
MIDD,MIDDLEBY MIDD
MIR,MIRION TECHNOLOGIES INC MIR
MIRM,MIRUM PHARMACEUTICALS MIRM
MITK,MITEK SYSTEMS MITK
MKC,MCCORMICK & CO MKC
MKFG,MARKFORGED HOLDING CORPORATION (A) MKFG
MKL,MARKEL CORP MKL
MKSI,MKS INSTRUMENTS MKSI
MKTW,MARKETWISE INC (A) MKTW
MKTX,MARKETAXESS HOLDINGS MKTX
ML,MONEYLION INC (A) ML
MLAB,MESA LAB MLAB
MLI,MUELLER INDS MLI
MLKN,MILLERKNOLL INC MLKN
MLM,MARTIN MERIETTA MATERIALS MLM
MLNK,MERIDIANLINK MLNK
MLR,MILLER INDS MLR
MMC,MARSH & MCLENNAN MMC
MMI,MARCUS & MILLICHAP MMI
MMM,3M COMPANY MMM
MMS,MAXIMUS MMS
MMSI,MERIT MEDICAL SYSTEMS MMSI
MN,MANNING & NAPIER MN
MNDT,MANDIANT INC MNDT
MNKD,MANNKIND MNKD
MNRL,BRIGHAM MINERALS MNRL
MNRO,MONRO MNRO
MNST,MONSTER BEVERAGE MNST
MNTK,MONTAUK RENEWABLES MNTK
MNTS,MOMENTUS INC (A) MNTS
MNTV,MOMENTIVE GLOBAL INC MNTV
MO,ALTRIA GROUP MO
MOD,MODINE MANUFACTURING CO MOD
MODN,MODEL N INC MODN
MODV,MODIVCARE INC MODV
MOFG,MIDWESTONE FINANCIAL GROUP MOFG
MOG.A,MOOG INC A MOG.A
MOH,MOLINA HEALTHCARE MOH
MORF,MORPHIC HOLDINGS MORF
MORN,MORNINGSTAR INC. MORN
MOS,MOSAIC COMPANY MOS
MOV,MOVADO GROUP MOV
MP,MP MATERIALS CORP (A) MP
MPAA,MOTORCAR PARTS OF AMERICA INC. MPAA
MPB,MID PENN BANCP MPB
MPC,MARATHON PETROLEUM MPC
MPLN,MULTIPLAN CORPORATION (A) MPLN
MPW,MEDICAL PROPERTIES TRUST MPW
MPWR,MONOLITHIC POWER SYSTEMS MPWR
MPX,MARINE PRODUCTS MPX
MQ,MARQETA MQ
MRC,MRC GLOBAL MRC
MRCY,MERCURY SYSTEMS MRCY
MRK,MERCK & CO MRK
MRNA,MODERNA MRNA
MRO,MARATHON OIL CORP MRO
MRSN,MERSANA THERAPEUTICS MRSN
MRTN,MARTEN TRANSPORT MRTN
MRTX,MIRATI THERAPEUTICS INC MRTX
MRVI,MARAVAI LIFESCIENCES HOLDINGS MRVI
MRVL,MARVELL TECHNOLOGY MRVL
MS,MORGAN STANLEY MS
MSA,MSA SAFETY MSA
MSBI,MIDLAND STATES BANCORP MSBI
MSCI,MSCI MSCI
MSEX,MIDDLESEX WATER MSEX
MSFT,MICROSOFT CORP MSFT
MSGE,MADISON SQUARE GARDEN ENTERTAINMENT MSGE
MSGS,MADISON SQUARE GARDEN SPORTS CORP MSGS
MSI,MOTOROLA SOLUTIONS MSI
MSM,MSC INDUSTRIAL A MSM
MSTR,MICROSTRATEGY CLASS A MSTR
MTB,M&T BANK MTB
MTCH,MATCH GROUP MTCH
MTD,METTLER-TOLEDO MTD
MTDR,MATADOR RESOURCES MTDR
MTG,MGIC INVESTMENT MTG
MTH,MERITAGE HOMES MTH
MTN,VAIL RESORTS MTN
MTOR,MERITOR MTOR
MTRN,MATERION MTRN
MTSI,MACOM TECHNOLOGY SOLUTIONS HOLDINGS MTSI
MTTR,MATTERPORT INC (A) MTTR
MTW,MANITOWOC CO MTW
MTX,MINERALS TECH MTX
MTZ,MASTEC INC MTZ
MU,MICRON TECHNOLOGY MU
MULN,MULLEN AUTOMOTIVE INC MULN
MUR,MURPHY OIL CORP MUR
MUSA,MURPHY USA MUSA
MVBF,MVB FINANCIAL CORP MVBF
MVIS,MICROVISION INC MVIS
MVST,MICROVAST HOLDINGS INC MVST
MWA,MUELLER WATER PRODUCTS MWA
MXCT,MAXCYTE MXCT
MXL,MAXLINEAR MXL
MYE,MYERS INDUSTRIES INC MYE
MYFW,FIRST WESTERN FINANCIAL MYFW
MYGN,MYRIAD GENETICS MYGN
MYPS,PLAYSTUDIOS INC (A) MYPS
MYRG,MYR GROUP INC. MYRG
NABL,N-ABLE NABL
NAPA,DUCKHORN PORTFOLIO NAPA
NARI,INARI MEDICAL NARI
NAT,NORDIC AMERICAN TANKER NAT
NATI,NATIONAL INSTRUMENTS NATI
NATR,NATURES SUNSHINE PRODUCTS NATR
NAUT,NAUTILUS BIOTECHNOLOGY INC NAUT
NAVI,NAVIENT CORP NAVI
NBHC,NATIONAL BANK HOLDINGS NBHC
NBIX,NEUROCRINE BIOSCIENCES NBIX
NBN,NORTHEAST BANK NBN
NBR,NABORS INDUSTRIES NBR
NBTB,NBT BANCORP INC. NBTB
NC,NACCO INDS INC NC
NCLH,NORWEGIAN CRUISE LINE NCLH
NCNO,NCINO NCNO
NCR,NCR CORP NCR
NDAQ,NASDAQ NDAQ
NDLS,NOODLES & COMPANY NDLS
NDSN,NORDSON CP NDSN
NE,NOBLE NE
NEE,NEXTERA ENERGY INC NEE
NEM,NEWMONT CORPORATION NEM
NEO,NEOGENOMICS INC. NEO
NEOG,NEOGEN CORP NEOG
NESR,NATIONAL ENERGY SERVICES REUNITED NESR
NET,CLOUDFLARE NET
NETI,ENETI INC NETI
NEU,NEWMARKET NEU
NEWR,NEW RELIC NEWR
NEX,NEXTIER OILFIELD SOLUTIONS INC NEX
NEXT,NEXTDECADE NEXT
NFBK,NORTHFIELD BANCORP INC. NFBK
NFE,NEW FORTRESS ENERGY NFE
NFG,NATL FUEL GAS CO NFG
NFLX,NETFLIX INC NFLX
NG,NOVAGOLD RESOURCES INC. NG
NGM,NGM BIOPHARMACEUTICALS NGM
NGMS,NEOGAMES NGMS
NGVC,NATURAL GROCERS BY VITAMIN COTTAGE INC NGVC
NGVT,INGEVITY NGVT
NHC,NATIONAL HEALTHCARE NHC
NHI,NATIONAL HEALTH INVESTORS NHI
NI,NISOURCE NI
NIC,NICOLET BANKSHARES INC NIC
NJR,NEW JERSEY RES NJR
NKE,NIKE INC CL B NKE
NKLA,NIKOLA CORPORATION NKLA
NKTR,NEKTAR THERAPEUTICS NKTR
NKTX,NKARTA NKTX
NL,NL INDUSTRIES NL
NLOK,NORTONLIFELOCK INC NLOK
NLSN,NIELSEN HOLDINGS NLSN
NLY,ANNALY CAPITAL MANAGEMENT NLY
NMIH,NMI HOLDINGS INC NMIH
NMRK,NEWMARK GROUP NMRK
NN,NEXTNAV INC (A) NN
NNI,NELNET CLASS A NNI
NNN,NATIONAL RETAIL PROPERTIES NNN
NNOX,NANO X IMAGING NNOX
NOC,NORTHROP GRUMMAN CORP NOC
NODK,NI HOLDINGS NODK
NOG,NORTHERN OIL AND GAS NOG
NOTV,INOTIV INC NOTV
NOV,NOV INC NOV
NOVA,SUNNOVA ENERGY INTERNATIONAL NOVA
NOVT,NOVANTA INC NOVT
NOW,SERVICENOW NOW
NP,NEENAH NP
NPK,NATIONAL PRESTO NPK
NPO,ENPRO INDUSTRIES INC NPO
NPTN,NEOPHOTONICS NPTN
NR,NEWPARK RESOURCES NR
NRC,NATIONAL RESEARCH NRC
NRDS,NERDWALLET NRDS
NRDY,NERDY INC (A) NRDY
NREF,NEXPOINT REAL ESTATE FINANCE NREF
NRG,NRG ENERGY NRG
NRGV,ENERGY VAULT HOLDINGS INC (A) NRGV
NRIX,NURIX THERAPEUTICS NRIX
NRZ,NEW RESIDENTIAL INVESTMENT CORP. NRZ
NSA,NATIONAL STORAGE AFFILIATES TRUST NSA
NSC,NORFOLK STHN CORP NSC
NSIT,INSIGHT ENTERPRISES NSIT
NSP,INSPERITY NSP
NSSC,NAPCO SECURITY SYSTEMS NSSC
NSTG,NANOSTRING TECHNOLOGIES NSTG
NTAP,NETAPP NTAP
NTB,BANK OF N.T. BUTTERFIELD & SON NTB
NTCT,NETSCOUT SYS NTCT
NTGR,NETGEAR INC. NTGR
NTLA,INTELLIA THERAPEUTICS NTLA
NTNX,NUTANIX NTNX
NTRA,NATERA NTRA
NTRS,NORTHERN TRUST NTRS
NTST,NETSTREIT NTST
NTUS,NATUS MEDICAL NTUS
NUE,NUCOR CORP NUE
NUS,NU SKIN ENTERPR A NUS
NUTX,NUTEX HEALTH NUTX
NUVA,NUVASIVE NUVA
NUVB,NUVATION BIO INC (A) NUVB
NUVL,NUVALENT NUVL
NVAX,NOVAVAX NVAX
NVCR,NOVOCURE NVCR
NVDA,NVIDIA NVDA
NVEE,NV5 GLOBAL INC. NVEE
NVR,NVR INC NVR
NVRO,NEVRO NVRO
NVST,ENVISTA HOLDINGS NVST
NVT,NVENT ELECTRIC NVT
NVTA,INVITAE CORP NVTA
NWBI,NORTHWEST BANCSHARES NWBI
NWE,NORTHWESTERN CORP NWE
NWL,NEWELL BRANDS NWL
NWLI,NATIONAL WESTERN LIFE GROUP - CL A NWLI
NWN,NORTHWEST NATURAL HOLDING COMPANY NWN
NWPX,NORTHWEST PIPE NWPX
NWS,NEWS CORPORATION CL B NWS
NWSA,NEWS CORPORATION CL A NWSA
NX,QUANEX BUILDING PRODUCTS NX
NXGN,NEXTGEN HEALTHCARE INC NXGN
NXRT,NEXPOINT RESIDENTIAL TRUST NXRT
NXST,NEXSTAR MEDIA GROUP INC. NXST
NYCB,NEW YORK COMMUNITY BANCORP NYCB
NYMT,NEW YORK MORTGAGE TRUST NYMT
NYT,NEW YORK TIMES CL A NYT
O,REALTY INCOME O
OAS,OASIS PETROLEUM OAS
OB,OUTBRAIN OB
OBNK,ORIGIN BANCORP OBNK
OC,OWENS CORNING OC
OCFC,OCEANFIRST FINANCIAL OCFC
OCGN,OCUGEN INC OCGN
OCUL,OCULAR THERAPEUTIX OCUL
ODFL,OLD DOMINION FREIGHT LINE ODFL
ODP,THE ODP CORPORATION ODP
OEC,ORION ENGINEERED CARBONS S.A. OEC
OFC,CORPORATE OFFICE PROPERTIES OFC
OFG,OFG BANCORP OFG
OFIX,ORTHOFIX MEDICAL OFIX
OFLX,OMEGA FLEX OFLX
OGE,OGE ENERGY OGE
OGN,ORGANON OGN
OGS,ONE GAS OGS
OHI,OMEGA HEALTHCARE INVESTORS OHI
OI,O-I GLASS INC OI
OII,OCEANEERING INTL OII
OIS,OIL STATES INTL OIS
OKE,ONEOK INC OKE
OKTA,OKTA OKTA
OLED,UNIVERSAL DISPLAY CORP. OLED
OLLI,OLLIE'S BARGAIN OUTLET HOLDINGS OLLI
OLN,OLIN CORP OLN
OLO,OLO OLO
OLP,ONE LIBERTY OLP
OLPX,OLAPLEX HOLDINGS OLPX
OM,OUTSET MEDICAL OM
OMC,OMNICOM GROUP OMC
OMCL,OMNICELL INC OMCL
OMF,ONEMAIN HOLDINGS OMF
OMI,OWENS & MINOR OMI
OMIC,SINGULAR GENOMICS SYSTEMS OMIC
ON,ON SEMICONDUCTOR CORP ON
ONB,OLD NATL BNCP ONB
ONDS,ONDAS HOLDINGS ONDS
ONEM,1LIFE HEALTHCARE ONEM
ONEW,ONEWATER MARINE ONEW
ONL,ORION OFFICE REIT ONL
ONTF,ON24 ONTF
ONTO,ONTO INNOVATION INC ONTO
OOMA,OOMA OOMA
OPAD,OFFERPAD SOLUTIONS INC (A) OPAD
OPCH,OPTION CARE HEALTH INC OPCH
OPEN,OPENDOOR TECHNOLOGIES INC (A) OPEN
OPFI,OPPFI INC OPFI
OPI,OFFICE PROPERTIES INCOME TRUST OPI
OPK,OPKO HEALTH OPK
OPRT,OPORTUN FINANCIAL OPRT
OPRX,OPTIMIZERX CORP OPRX
OPY,OPPENHEIMER HOLDINGS INC. OPY
ORA,ORMAT TECHNOLOGIES ORA
ORC,ORCHID ISLAND CAPITAL ORC
ORCL,ORACLE CORP. ORCL
ORGN,ORIGIN MATERIALS INC (A) ORGN
ORGO,ORGANOGENESIS HOLDINGS (A) ORGO
ORI,OLD REPUBLIC INTL ORI
ORLY,O REILLY AUTO ORLY
ORRF,ORRSTOWN FINANCIAL SERVICES INC. ORRF
OSBC,OLD SECOND BNCP OSBC
OSCR,OSCAR HEALTH OSCR
OSH,OAK STREET HEALTH OSH
OSIS,OSI SYSTEMS INC OSIS
OSK,OSHKOSH OSK
OSPN,ONESPAN OSPN
OSTK,OVERSTOCK.COM OSTK
OSUR,ORASURE TECH OSUR
OSW,ONESPAWORLD HOLDINGS (A) OSW
OTIS,OTIS WORLDWIDE OTIS
OTLK,OUTLOOK THERAPEUTICS OTLK
OTTR,OTTER TAIL CP OTTR
OUST,OUSTER INC (A) OUST
OUT,OUTFRONT MEDIA OUT
OVV,OVINTIV INC OVV
OWL,BLUE OWL CAPITAL OWL
OWLT,OWLET INC (A) OWLT
OXM,OXFORD INDUSTRIES OXM
OXY,OCCIDENTAL PETROLEUM OXY
OZK,BANK OZK OZK
PACB,PACIFIC BIOSCIENCES OF CALIFORNIA PACB
PACK,RANPAK HOLDINGS (A) PACK
PACW,PACWEST BANCORP PACW
PAG,PENSKE AUTOMOTIVE GROUP PAG
PAHC,PHIBRO ANIMAL HEALTH PAHC
PANW,PALO ALTO NETWORKS PANW
PAR,PAR TECHNOLOGY PAR
PARA,PARAMOUNT GLOBAL (B) PARA
PARAA,PARAMOUNT GLOBAL (A) PARAA
PARR,PAR PACIFIC HOLDINGS PARR
PATH,UIPATH PATH
PATK,PATRICK INDUSTRIES PATK
PAYA,PAYA HOLDINGS INC (A) PAYA
PAYC,PAYCOM SOFTWARE PAYC
PAYO,PAYONEER GLOBAL INC (A) PAYO
PAYX,PAYCHEX PAYX
PB,PROSPERITY BANCSHARES PB
PBF,PBF ENERGY PBF
PBFS,PIONEER BANCORP PBFS
PBH,PRESTIGE CONSUMER HEALTHCARE PBH
PBI,PITNEY BOWES PBI
PCAR,PACCAR PCAR
PCB,PCB BANCORP PCB
PCG,PG & E CORP. PCG
PCH,POTLATCHDELTIC PCH
PCOR,PROCORE TECHNOLOGIES PCOR
PCRX,PACIRA BIOSCIENCES PCRX
PCSB,PCSB FINANCIAL PCSB
PCT,PURECYCLE TECHNOLOGIES INC PCT
PCTY,PAYLOCITY HOLDING PCTY
PCVX,VAXCYTE PCVX
PCYO,PURECYCLE PCYO
PD,PAGERDUTY PD
PDCE,PDC ENERGY PDCE
PDCO,PATTERSON COS PDCO
PDFS,PDF SOLUTIONS PDFS
PDM,PIEDMONT OFFICE REALTY TRUST CL A PDM
PEAK,HEALTHPEAK PROPERTIES INC PEAK
PEB,PEBBLEBROOK HOTEL TRUST PEB
PEBO,PEOPLES BANCORP PEBO
PECO,PHILLIPS EDISON & COMPANY PECO
PEG,PUBLIC SVC ENTERPRISE GROUP PEG
PEGA,PEGASYSTEMS INC PEGA
PEN,PENUMBRA PEN
PENN,PENN NATIONAL GAMING PENN
PEP,PEPSICO PEP
PEPG,PEPGEN INC PEPG
PETQ,PETIQ PETQ
PETS,PETMED EXPRESS PETS
PFBC,PREFERRED BANK LOS ANGELES PFBC
PFC,PREMIER FINANCIAL CORP PFC
PFE,PFIZER PFE
PFG,PRINCIPAL FINANCIAL GROUP PFG
PFGC,PERFORMANCE FOOD GROUP PFGC
PFHD,PROFESSIONAL HOLDING PFHD
PFIS,PEOPLES FINANCIAL SERVICES CORP. PFIS
PFS,PROVIDENT FINANCIAL SERVICES INC PFS
PFSI,PENNYMAC FINANCIAL SERVICES PFSI
PFSW,PFSWEB INC PFSW
PG,PROCTER & GAMBLE PG
PGC,PEAPACK GLADSTONE FINANCIAL PGC
PGEN,PRECIGEN PGEN
PGNY,PROGYNY PGNY
PGR,PROGRESSIVE CORP PGR
PGRE,PARAMOUNT GROUP PGRE
PGTI,PGT INNOVATIONS PGTI
PH,PARKER-HANNIFIN PH
PHAT,PHATHOM PHARMACEUTICALS PHAT
PHM,PULTE GROUP PHM
PHR,PHREESIA PHR
PI,IMPINJ INC PI
PII,POLARIS PII
PIII,P3 HEALTH PARTNERS INC (A) PIII
PINC,PREMIER INC PINC
PING,PING IDENTITY HOLDING PING
PINS,PINTEREST PINS
PIPR,PIPER SANDLER COMPANIES PIPR
PJT,PJT PARTNERS PJT
PK,PARK HOTELS & RESORTS PK
PKBK,PARKE BANCORP PKBK
PKE,PARK AEROSPACE PKE
PKG,PACKAGING CORP OF AMERICA PKG
PKI,PERKINELMER INC PKI
PL,PLANET LABS PBC (A) PL
PLAB,PHOTRONICS INC PLAB
PLAY,DAVE & BUSTERS ENTERTAINMENT PLAY
PLBY,PLBY GROUP INC PLBY
PLCE,CHILDRENS PLACE PLCE
PLD,PROLOGIS PLD
PLL,PIEDMONT LITHIUM PLL
PLM,POLYMET MINING PLM
PLMR,PALOMAR HOLDINGS PLMR
PLNT,PLANET FITNESS PLNT
PLOW,DOUGLAS DYNAMICS PLOW
PLPC,PREFORMED LINE PRODUCTS PLPC
PLTK,PLAYTIKA HOLDING PLTK
PLTR,PALANTIR TECHNOLOGIES PLTR
PLUG,PLUG POWER INC PLUG
PLUS,EPLUS INC PLUS
PLXS,PLEXUS CORP PLXS
PLYM,PLYMOUTH INDUSTRIAL REIT PLYM
PM,PHILIP MORRIS INTERNATIONAL PM
PMT,PENNYMAC MORTGAGE INVESTMENT TRUST PMT
PMVP,PMV PHARMACEUTICALS PMVP
PNC,PNC FINANCIAL SERVICES GROUP PNC
PNFP,PINNACLE FINL PNFP
PNM,PNM RESOURCES PNM
PNR,PENTAIR PLC PNR
PNT,POINT BIOPHARMA GLOBAL INC PNT
PNTG,PENNANT GROUP PNTG
PNW,PINNACLE WEST CAPITAL CORP PNW
PODD,INSULET CORP. PODD
POLY,PLANTRONICS POLY
POOL,POOL POOL
POR,PORTLAND GENERAL ELECTRIC POR
POSH,POSHMARK POSH
POST,POST HOLDINGS POST
POWI,POWER INTEGRATIONS POWI
POWL,POWELL INDS POWL
POWW,AMMO INC POWW
PPBI,PACIFIC PREMIER BANCORP INC PPBI
PPC,PILIGRIM'S PRIDE CORP. PPC
PPG,PPG INDUSTRIES PPG
PPL,PPL CORPORATION PPL
PRA,PROASSURANCE PRA
PRAA,PRA GROUP PRAA
PRAX,PRAXIS PRECISION MEDICINES PRAX
PRCH,PORCH GROUP INC (A) PRCH
PRCT,PROCEPT BIOROBOTICS PRCT
PRDO,PERDOCEO EDUCATION CORP PRDO
PRDS,PARDES BIOSCIENCES INC (A) PRDS
PRFT,PERFICIENT INC PRFT
PRG,PROG HOLDINGS INC PRG
PRGO,PERRIGO COMPANY PLC PRGO
PRGS,PROGRESS SOFTWARE PRGS
PRI,PRIMERICA PRI
PRIM,PRIMORIS SERVICES CORP. PRIM
PRK,PARK NATIONAL PRK
PRLB,PROTO LABS INC PRLB
PRM,PERIMETER SOLUTIONS SA PRM
PRMW,PRIMO WATER PRMW
PRO,PROS HOLDINGS INC. PRO
PRPL,PURPLE INNOVATION PRPL
PRTA,PROTHENA PLC PRTA
PRTH,PRIORITY TECHNOLOGY HOLDINGS PRTH
PRTS,CARPARTS COM PRTS
PRTY,PARTY CITY HOLDCO PRTY
PRU,PRUDENTIAL FINANCIAL PRU
PRVA,PRIVIA HEALTH GROUP PRVA
PRVB,PROVENTION BIO PRVB
PSA,PUBLIC STORAGE PSA
PSB,PS BUSINESS PARKS PSB
PSFE,PAYSAFE LIMITED (A) PSFE
PSMT,PRICESMART PSMT
PSN,PARSONS PSN
PSTG,PURE STORAGE PSTG
PSTL,POSTAL REALTY TRUST PSTL
PSX,PHILLIPS 66 PSX
PTC,PTC PTC
PTCT,PTC THERAPEUTICS PTCT
PTEN,PATTERSON-UTI ENERGY PTEN
PTGX,PROTAGONIST THERAPEUTICS PTGX
PTLO,PORTILLOS PTLO
PTON,PELOTON INTERACTIVE PTON
PTRA,PROTERRA INC (A) PTRA
PTSI,P.A.M. TRANS SVC PTSI
PTVE,PACTIV EVERGREEN PTVE
PUBM,PUBMATIC PUBM
PUMP,PROPETRO HOLDING PUMP
PVBC,PROVIDENT BANCORP INC PVBC
PVH,PVH CORP. PVH
PWP,PERELLA WEINBERG PARTNERS PWP
PWR,QUANTA SERVICES PWR
PWSC,POWERSCHOOL HOLDINGS PWSC
PXD,PIONEER NATURAL RESOURCE PXD
PYCR,PAYCOR HCM PYCR
PYPL,PAYPAL HOLDINGS PYPL
PZN,PZENA INVESTMENT MANAGEMENT PZN
PZZA,PAPA JOHN'S INTERNATIONAL PZZA
QCOM,QUALCOMM QCOM
QCRH,QCR HOLDINGS INC QCRH
QDEL,QUIDELORTHO CORPORATION QDEL
QGEN,QIAGEN N.V. QGEN
QLYS,QUALYS INC QLYS
QNST,QUINSTREET QNST
QRTEA,QURATE RETAIL QRTEA
QRVO,QORVO INC. QRVO
QS,QUANTUMSCAPE QS
QSI,QUANTUM SI INC (A) QSI
QTRX,QUANTERIX CORP QTRX
QTWO,Q2 HOLDINGS QTWO
QUAD,QUAD/GRAPHICS INC. QUAD
QUOT,QUOTIENT TECHNOLOGY INC. QUOT
R,RYDER SYSTEM R
RAD,RITE AID RAD
RADI,RADIUS GLOBAL INFRASTRUCTURE RADI
RAMP,LIVERAMP HOLDINGS RAMP
RAPT,RAPT THERAPEUTICS RAPT
RARE,ULTRAGENYX PHARMACEUTICAL RARE
RBB,RBB BANCORP RBB
RBBN,RIBBON COMMUNICATIONS RBBN
RBCAA,REPUBLIC BANCORP RBCAA
RBLX,ROBLOX RBLX
RBOT,VICARIOUS SURGICAL INC (A) RBOT
RC,READY CAPITAL CORPORATION RC
RCII,RENT-A-CENTER RCII
RCKT,ROCKET PHARMACEUTICALS RCKT
RCKY,ROCKY BRANDS RCKY
RCL,ROYAL CARIBBEAN GROUP RCL
RCM,ACCRETIVE HEALTH RCM
RCUS,ARCUS BIOSCIENCES RCUS
RDBX,REDBOX ENTERTAINMENT INC (A) RDBX
RDFN,REDFIN CORP RDFN
RDN,RADIAN GROUP RDN
RDNT,RADNET RDNT
RDUS,RADIUS HEALTH INC RDUS
RDVT,RED VIOLET RDVT
RDW,REDWIRE CORP RDW
RE,EVEREST RE GROUP RE
REAL,THE REALREAL REAL
REFI,CHICAGO ATLANTIC REAL ESTATE FINANCE REFI
REG,REGENCY CENTERS REG
REGN,REGENERON PHAR REGN
REI,RING ENERGY INC REI
RELY,REMITLY GLOBAL RELY
RENT,RENT THE RUNWAY RENT
REPL,REPLIMUNE GROUP REPL
REPX,RILEY EXPLORATION PERMIAN REPX
RES,RPC RES
RETA,REATE PHARMACEUTICALS RETA
REVG,REV GROUP REVG
REX,REX AMERICAN RESOURCES REX
REXR,REXFORD INDUSTRIAL REALTY REXR
REYN,REYNOLDS CONSUMER PRODUCTS REYN
REZI,RESIDEO TECHNOLOGIES REZI
RF,REGIONS FINANCIAL RF
RFP,RESOLUTE FOREST PRODUCTS RFP
RGA,REINSURANCE GROUP OF AMERICA RGA
RGEN,REPLIGEN CORP RGEN
RGLD,ROYAL GOLD RGLD
RGNX,REGENXBIO RGNX
RGP,RESOURCES CONNECTION INC RGP
RGR,STURM RUGER & CO RGR
RGTI,RIGETTI COMPUTING INC (A) RGTI
RH,RH RH
RHI,ROBERT HALF INTERNATIONAL RHI
RHP,RYMAN HOSPITALITY PROPERTIES RHP
RICK,RCI HOSPITALITY HOLDINGS RICK
RIDE,LORDSTOWN MOTORS CORP (A) RIDE
RIGL,RIGEL PHARMACEUTICALS INC RIGL
RILY,B RILEY SECURITIES INC RILY
RIOT,RIOT BLOCKCHAIN RIOT
RIVN,RIVIAN AUTOMOTIVE RIVN
RJF,RAYMOND JAMES FINANCIAL RJF
RKLB,ROCKET LAB USA INC (A) RKLB
RKLY,ROCKLEY PHOTONICS HOLDINGS LIMITED (A) RKLY
RKT,ROCKET COMPANIES RKT
RL,RALPH LAUREN CORP RL
RLAY,RELAY THERAPEUTICS RLAY
RLGT,RADIANT LOGISTICS RLGT
RLI,RLI CORPORATION RLI
RLJ,RLJ LODGING TRUST RLJ
RLMD,RELMADA THERAPEUTICS RLMD
RLYB,RALLYBIO RLYB
RM,REGIONAL MANAGEMENT CORP RM
RMAX,RE/MAX HOLDINGS RMAX
RMBL,RUMBLEON INC RMBL
RMBS,RAMBUS INC RMBS
RMD,RESMED INC RMD
RMNI,RIMINI STREET RMNI
RMR,RMR GROUP RMR
RNA,AVIDITY BIOSCIENCES RNA
RNG,RINGCENTRAL RNG
RNR,RENAISSANCERE RNR
RNST,RENASANT CORP RNST
ROAD,CONSTRUCTION PARTNERS ROAD
ROCC,RANGER OIL CORP ROCC
ROCK,GIBRALTAR INDUSTRIES ROCK
ROG,ROGERS CORP ROG
ROIC,RETAIL OPPORTUNITY ROIC
ROK,ROCKWELL AUTOMATION ROK
ROKU,ROKU ROKU
ROL,ROLLINS INC ROL
ROLL,RBC BEARINGS ROLL
ROOT,ROOT ROOT
ROP,ROPER TECHNOLOGIES ROP
ROST,ROSS STORES ROST
ROVR,ROVER GROUP INC (A) ROVR
RPAY,REPAY HOLDINGS (A) RPAY
RPD,RAPID7 RPD
RPM,RPM INC RPM
RPRX,ROYALTY PHARMA RPRX
RPT,RPT REALTY RPT
RRBI,RED RIVER BANCSHARES RRBI
RRC,RANGE RESOURCES RRC
RRR,RED ROCK RESORTS RRR
RRX,REGAL REXNORD CORPORATION RRX
RS,RELIANCE STEEL & ALUMINIUM RS
RSG,REPUBLIC SERVICES RSG
RSI,RUSH STREET INTERACTIVE INC (A) RSI
RSVR,RESERVOIR MEDIA INC RSVR
RTL,THE NECESSITY RETAIL REIT INC RTL
RTX,RAYTHEON TECHNOLOGIES CORPORATION RTX
RUN,SUNRUN RUN
RUSHA,RUSH ENTERPISES A RUSHA
RUSHB,RUSH ENTERPRISES INC -CL B RUSHB
RUTH,RUTHS HOSPITALITY GROUP RUTH
RVLV,REVOLVE GROUP RVLV
RVMD,REVOLUTION MEDICINES RVMD
RVNC,REVANCE THERAPEUTICS RVNC
RWT,REDWOOD TRUST RWT
RXDX,PROMETHEUS BIOSCIENCES RXDX
RXRX,RECURSION PHARMACEUTICALS RXRX
RXST,RXSIGHT RXST
RXT,RACKSPACE TECHNOLOGY RXT
RYAM,RAYONIER ADVANCED MATERIALS RYAM
RYAN,RYAN SPECIALTY HOLDINGS INC (A) RYAN
RYI,RYERSON HOLDING CORP RYI
RYN,RAYONIER RYN
S,SENTINELONE S
SABR,SABRE CORP SABR
SAFE,SAFEHOLD INC SAFE
SAFM,SANDERSON FARMS SAFM
SAFT,SAFETY INSURANCE GROUP INC SAFT
SAGE,SAGE THERAPEUTICS SAGE
SAH,SONIC AUTOMOTIVE SAH
SAIA,SAIA SAIA
SAIC,SCIENCE APPLICATIONS INTERNATIONAL CORPO SAIC
SAIL,SAILPOINT TECHNOLOGIES SAIL
SAM,BOSTON BEER SAM
SAMG,SILVERCREST ASSET MANAGEMENT GROUP INC SAMG
SANA,SANA BIOTECHNOLOGY SANA
SANM,SANMINA CORP SANM
SASR,SANDY SPRING BANCORP SASR
SATS,ECHOSTAR SATS
SAVA,CASSAVA SCIENCES SAVA
SAVE,SPIRIT AIRLINES SAVE
SB,SAFE BULKERS SB
SBAC,SBA COMMUNICATIONS SBAC
SBCF,SEACOAST BANKING SBCF
SBGI,SINCLAIR BROADCAST A SBGI
SBH,SALLY BEAUTY SBH
SBNY,SIGNATURE BANK SBNY
SBOW,SILVERBOW RESOURCES SBOW
SBRA,SABRA HEALTH CARE REIT SBRA
SBSI,SOUTHSIDE BANCSHARES SBSI
SBT,STERLING BANCORP INC SBT
SBUX,STARBUCKS SBUX
SCCO,SOUTHERN COPPER CORP. SCCO
SCHL,SCHOLASTIC CORP SCHL
SCHN,SCHNITZER STEEL SCHN
SCHW,SCHWAB (CHARLES) CORP SCHW
SCI,SERVICE CORP INTL SCI
SCL,STEPAN CO SCL
SCS,STEELCASE INC SCS
SCSC,SCANSOURCE SCSC
SCU,SCULPTOR CAPITAL MANAGEMENT INC (A) SCU
SCVL,SHOE CARNIVAL SCVL
SCWX,SECUREWORKS SCWX
SD,SANDRIDGE ENERGY SD
SDGR,SCHRODINGER SDGR
SEAS,SEAWORLD ENTERTAINMENT SEAS
SEAT,VIVID SEATS INC (A) SEAT
SEB,SEABOARD SEB
SEE,SEALED AIR SEE
SEER,SEER SEER
SEIC,SEI INVEST CO SEIC
SEM,SELECT MEDICAL HOLDINGS SEM
SENEA,SENECA FOOD A SENEA
SENS,SENSEONICS HOLDINGS SENS
SF,STIFEL FIN CORP SF
SFBS,SERVISFIRST BANCSHARES SFBS
SFIX,STITCH FIX CLASS A SFIX
SFL,SFL CORPORATION LTD SFL
SFM,SPROUTS FARMERS MARKET SFM
SFNC,SIMMONS FIRST NATIONAL CORP - CL A SFNC
SFST,SOUTHERN FIRST BANCSHARES SFST
SG,SWEETGREEN SG
SGC,SUPERIOR GROUP OF COMPANIES SGC
SGEN,SEAGEN INC SGEN
SGFY,SIGNIFY HEALTH SGFY
SGH,SMART GLOBAL HOLDINGS SGH
SGHT,SIGHT SCIENCES SGHT
SGMO,SANGAMO THERAPEUTICS SGMO
SGRY,SURGERY PARTNERS SGRY
SHAK,SHAKE SHACK SHAK
SHBI,SHORE BANCSHARES INC SHBI
SHC,SOTERA HEALTH SHC
SHCR,SHARECARE INC SHCR
SHEN,SHENANDOAH TELECOMS SHEN
SHLS,SHOALS TECHNOLOGIES GROUP SHLS
SHO,SUNSTONE HOTEL INVESTORS SHO
SHOO,STEVEN MADDEN SHOO
SHW,SHERWIN-WILLIAMS SHW
SHYF,THE SHYFT GROUP INC SHYF
SI,SILVERGATE CAPITAL SI
SIBN,SI-BONE SIBN
SIG,SIGNET JEWELERS SIG
SIGA,SIGA TECH INC SIGA
SIGI,SELECTIVE INSURANCE GROUP SIGI
SILK,SILK ROAD MEDICAL SILK
SIRI,SIRIUS XM HOLDINGS SIRI
SITC,SITE CENTERS SITC
SITE,SITEONE LANDSCAPE SUPPLY SITE
SITM,SITIME SITM
SIVB,SVB FINANCIAL GROUP SIVB
SIX,SIX FLAGS ENTERTAINMENT CORP. SIX
SJI,SOUTH JERSEY IND SJI
SJM,J M SMUCKER SJM
SJW,SJW GROUP SJW
SKIL,SKILLSOFT CORP (A) SKIL
SKIN,BEAUTY HEALTH CO SKIN
SKLZ,SKILLZ INC (A) SKLZ
SKT,TANGER FACTORY OUTLET CENTER SKT
SKX,SKECHERS USA CL A SKX
SKY,SKYLINE CHAMPION CORPORATION SKY
SKYT,SKYWATER TECHNOLOGY SKYT
SKYW,SKYWEST INC SKYW
SLAB,SILICON LABS SLAB
SLB,SCHLUMBERGER SLB
SLCA,US SILICA HOLDINGS SLCA
SLDP,SOLID POWER INC (A) SLDP
SLG,SL GREEN REALTY SLG
SLGC,SOMALOGIC INC (A) SLGC
SLGN,SILGAN HLDG INC SLGN
SLM,SLM CORP SLM
SLP,SIMULATIONS PLUS SLP
SLQT,SELECTQUOTE SLQT
SLVM,SYLVAMO SLVM
SM,SM ENERGY SM
SMAR,SMARTSHEET SMAR
SMBC,STHN MISSOURI SMBC
SMBK,SMARTFINANCIAL INC SMBK
SMCI,SUPER MICRO COMPUTER SMCI
SMFR,SEMA4 HOLDINGS CORP (A) SMFR
SMG,SCOTTS MIRACLE-GRO SMG
SMMF,SUMMIT FINANCIAL GROUP SMMF
SMP,STD MOTOR PRODS SMP
SMPL,SIMPLY GOOD FOODS SMPL
SMR,NUSCALE POWER CORPORATION (A) SMR
SMRT,SMARTRENT INC SMRT
SMTC,SEMTECH CORP SMTC
SNA,SNAP-ON INC SNA
SNBR,SLEEP NUMBER SNBR
SNCE,SCIENCE 37 HOLDINGS INC SNCE
SNCY,SUN COUNTRY AIRLINES HOLDINGS SNCY
SNDR,SCHNEIDER NATIONAL CL B SNDR
SNDX,SYNDAX PHARMACEUTICALS SNDX
SNEX,STONEX GROUP INC SNEX
SNOW,SNOWFLAKE SNOW
SNPO,SNAP ONE HOLDINGS SNPO
SNPS,SYNOPSYS INC SNPS
SNV,SYNOVUS FINANCIAL CORP SNV
SNX,TD SYNNEX CORP SNX
SO,SOUTHERN CO SO
SOFI,SOFI TECHNOLOGIES INC SOFI
SOI,SOLARIS OILFIELD INFRASTRUCTURE SOI
SON,SONOCO PRODUCTS SON
SOND,SONDER HOLDINGS INC SOND
SONO,SONOS INC SONO
SOVO,SOVOS BRANDS SOVO
SP,SP PLUS SP
SPB,SPECTRUM BRANDS HOLDINGS SPB
SPCE,VIRGIN GALACTIC HOLDINGS (A) SPCE
SPFI,SOUTH PLAINS FINANCIAL SPFI
SPG,SIMON PROPERTY GROUP SPG
SPGI,S&P GLOBAL SPGI
SPIR,SPIRE GLOBAL INC (A) SPIR
SPLK,SPLUNK SPLK
SPNE,SEASPINE HOLDINGS CORP. SPNE
SPNS,SAPIENS INTERNATIONAL CORP SPNS
SPNT,SIRIUSPOINT LTD SPNT
SPOT,SPOTIFY TECHNOLOGY SA SPOT
SPR,SPIRIT AEROSYSTEMS HOLDINGS INC. CL A SPR
SPSC,SPS COMMERCE SPSC
SPT,SPROUT SOCIAL SPT
SPTN,SPARTANNASH SPTN
SPWH,SPORTMANS WAREHOUSE HOLDINGS SPWH
SPWR,SUNPOWER CORPORATION SPWR
SPXC,SPX CORP SPXC
SQ,BLOCK INC (A) SQ
SQSP,SQUARESPACE SQSP
SR,SPIRE INC. SR
SRC,SPIRIT REALTY CAPITAL SRC
SRCE,1ST SOURCE SRCE
SRCL,STERICYCLE INC SRCL
SRDX,SURMODICS INC SRDX
SRE,SEMPRA SRE
SRG,SERITAGE GROWTH PROPERTIES SRG
SRI,STONERIDGE SRI
SRNE,SORRENTO THERAPEUTICS INC SRNE
SRPT,SAREPTA THERAPEUTICS SRPT
SRRA,SIERRA ONCOLOGY SRRA
SSB,SOUTHSTATE CORP SSB
SSD,SIMPSON MANUFACTURING SSD
SSNC,SS&C TECHNOLOGIES HOLDINGS SSNC
SSP,SCRIPPS (E.W) CLASS A SSP
SSRM,SSR MINING SSRM
SSTI,SHOTSPOTTER SSTI
SSTK,SHUTTERSTOCK INC SSTK
ST,SENSATA TECHNOLOGIES HOLDING PLC ST
STAA,STAAR SURGICAL STAA
STAG,STAG INDUSTRIAL STAG
STAR,ISTAR INC. STAR
STBA,S&T BANCORP STBA
STC,STEWART INFO STC
STE,STERIS PLC STE
STEM,STEM INC (A) STEM
STEP,STEPSTONE GROUP STEP
STER,STERLING CHECK STER
STGW,STAGWELL INC STGW
STKL,SUNOPTA INC. STKL
STKS,ONE GROUP HOSPITALITY STKS
STLD,STEEL DYNAMICS STLD
STNE,STONECO STNE
STNG,SCORPIO TANKERS STNG
STOK,STOKE THERAPEUTICS STOK
STON,STONEMOR INC STON
STOR,STORE CAPITAL REIT STOR
STR,SITIO ROYALTIES CORP (A) STR
STRA,STRATEGIC EDUCATION STRA
STRC,SARCOS TECHNOLOGY AND ROBOTICS CORP (A) STRC
STRL,STERLING INFRASTRUCTURE INC STRL
STRO,SUTRO BIOPHARMA STRO
STRS,STRATUS PROPERTIES INC STRS
STRY,STARRY GROUP HOLDINGS INC (A) STRY
STT,STATE STREET CORP. STT
STWD,STARWOOD PROPERTY TRUST INC. STWD
STZ,CONSTELLATION BRANDS A STZ
SUI,SUN COMMUNITIES SUI
SUM,SUMMIT MATERIALS SUM
SUMO,SUMO LOGIC SUMO
SUNL,SUNLIGHT FINANCIAL HOLDINGS INC (A) SUNL
SUPN,SUPERNUS PHARMACEUTICALS SUPN
SVC,SERVICE PROPERTIES TRUST SVC
SWAV,SHOCKWAVE MEDICAL SWAV
SWBI,SMITH AND WESSON BRANDS INC SWBI
SWCH,SWITCH SWCH
SWI,SOLARWINDS SWI
SWIM,LATHAM GROUP SWIM
SWK,STANLEY BLACK & DECKER SWK
SWKH,SWK HOLDINGS SWKH
SWKS,SKYWORKS SOLUTIONS INC SWKS
SWM,SCHWEITZER-MAUDUIT INTL SWM
SWN,SOUTHWESTERN ENERGY SWN
SWTX,SPRINGWORKS THERAPEUTICS SWTX
SWX,SOUTHWEST GAS HOLDINGS SWX
SXC,SUNCOKE ENERGY SXC
SXI,STANDEX INTL SXI
SXT,SENSIENT TECH SXT
SYBT,STOCK YARDS BANCORP SYBT
SYF,SYNCHRONY FINANCIAL SYF
SYK,STRYKER SYK
SYNA,SYNAPTICS SYNA
SYNH,SYNEOS HEALTH SYNH
SYY,SYSCO CORP SYY
T,AT&T T
TA,TRAVELCENTERS OF AMERICA INC TA
TALO,TALOS ENERGY TALO
TALS,TALARIS THERAPEUTICS TALS
TAP,MOLSON COORS BEVERAGE COMPANY TAP
TARS,TARSUS PHARMACEUTICALS TARS
TBBK,THE BANCORP TBBK
TBI,TRUEBLUE TBI
TBK,TRIUMPH BANCORP TBK
TBPH,THERAVANCE BIOPHARMA TBPH
TCBI,TEXAS CAPITAL BANCSHARES TCBI
TCBK,TRICO BANCSHARES TCBK
TCBX,THIRD COAST BANCSHARES TCBX
TCDA,TRICIDA TCDA
TCI,TRANSCONTINENTAL REALTY INVESTORS INC TCI
TCMD,TACTILE SYSTEMS TECHNOLOGY TCMD
TCS,THE CONTAINER STORE GROUP TCS
TCX,TUCOWS TCX
TDC,TERADATA TDC
TDG,TRANSDIGM TDG
TDOC,TELADOC HEALTH TDOC
TDS,TELEPHONE & DATA SYSTEMS TDS
TDUP,THREDUP TDUP
TDW,TIDEWATER INC TDW
TDY,TELEDYNE TECH TDY
TEAM,ATLASSIAN TEAM
TECH,BIO-TECHNE TECH
TELL,TELLURIAN TELL
TEN,TENNECO TEN
TENB,TENABLE HOLDINGS TENB
TER,TERADYNE TER
TEX,TEREX CORP TEX
TFC,TRUIST FINANCIAL CORPORATION TFC
TFSL,TFS FINANCIAL TFSL
TFX,TELEFLEX INC TFX
TG,TREDEGAR CORP TG
TGAN,TRANSPHORM TGAN
TGH,TEXTAINER GROUP HOLDINGS LTD. TGH
TGI,TRIUMPH GROUP TGI
TGNA,TEGNA TGNA
TGT,TARGET CORP TGT
TGTX,TG THERAPEUTICS INC TGTX
TH,TARGET HOSPITALITY CORP (A) TH
THC,TENET HEALTHCARE THC
THFF,FIRST FINL CORP THFF
THG,HANOVER INSURANCE GP THG
THO,THOR INDUSTRIES THO
THR,THERMON GROUP HOLDINGS THR
THRM,GENTHERM THRM
THRN,THORNE HEALTHTECH THRN
THRX,THESEUS PHARMACEUTICALS THRX
THRY,THRYV HOLDINGS THRY
THS,TREEHOUSE FOODS THS
TIG,TREAN INSURANCE GROUP TIG
TIL,INSTIL BIO TIL
TILE,INTERFACE TILE
TIPT,TIPTREE INC TIPT
TITN,TITAN MACHINERY TITN
TJX,TJX COMPANIES TJX
TK,TEEKAY TK
TKNO,ALPHA TEKNOVA TKNO
TKR,TIMKEN CO TKR
TLS,TELOS TLS
TLYS,TILLYS TLYS
TMCI,TREACE MEDICAL CONCEPTS TMCI
TMDX,TRANSMEDICS GROUP TMDX
TMHC,TAYLOR MORRISON HOME II CORPORATION TMHC
TMO,THERMO FISHER SCIENTIFIC TMO
TMP,TOMPKINS FINANCIAL TMP
TMST,TIMKENSTEEL CORP TMST
TMUS,T-MOBILE US INC. TMUS
TMX,TERMINIX GLOBAL HOLDINGS INC TMX
TNC,TENNANT CO TNC
TNDM,TANDEM DIABETES CARE TNDM
TNET,TRINET GROUP TNET
TNGX,TANGO THERAPEUTICS INC TNGX
TNK,TEEKAY TANKERS TNK
TNL,TRAVEL PLUS LEISURE CO TNL
TNON,TENON MEDICAL INC TNON
TNYA,TENAYA THERAPEUTICS TNYA
TOI,THE ONCOLOGY INSTITUTE INC (A) TOI
TOL,TOLL BROTHERS TOL
TOST,TOAST TOST
TOWN,TOWNE BANK TOWN
TPB,TURNING POINT BRANDS TPB
TPC,TUTOR PERINI TPC
TPH,TRI POINTE HOMES INC TPH
TPIC,TPI COMPOSITES TPIC
TPL,TEXAS PACIFIC LAND CORPORATION TPL
TPR,TAPESTRY TPR
TPTX,TURNING POINT THERAPEUTICS TPTX
TPX,TEMPUR SEALY INTERNATIONAL TPX
TR,TOOTSIE ROLL IND TR
TRC,TEJON RANCH TRC
TREE,LENDINGTREE TREE
TREX,TREX COMPANY TREX
TRGP,TARGA RESOURCES CORP. TRGP
TRIP,TRIPADVISOR TRIP
TRMB,TRIMBLE TRMB
TRMK,TRUSTMARK CORP TRMK
TRN,TRINITY INDS TRN
TRNO,TERRENO REALTY TRNO
TRNS,TRANSCAT TRNS
TROW,PRICE (T. ROWE) GROUP TROW
TROX,TRONOX HOLDINGS PLC TROX
TRS,TRIMAS CORP. TRS
TRST,TRUSTCO BANK TRST
TRTN,TRITON INTERNATIONAL TRTN
TRTX,TPG RE FINANCE TRUST TRTX
TRU,TRANSUNION TRU
TRUE,TRUECAR TRUE
TRUP,TRUPANION TRUP
TRV,TRAVELERS COS INC. TRV
TSCO,TRACTOR SUPPLY TSCO
TSE,TRINSEO PLC TSE
TSLA,TESLA TSLA
TSN,TYSON FOODS INC A TSN
TSP,TUSIMPLE HOLDINGS TSP
TSVT,2SEVENTY BIO TSVT
TT,TRANE TECHNOLOGIES PLC TT
TTC,TORO CO TTC
TTCF,TATTOOED CHEF INC (A) TTCF
TTD,THE TRADE DESK TTD
TTEC,TTEC HOLDINGS TTEC
TTEK,TETRA TECH INC TTEK
TTGT,TECHTARGET INC. TTGT
TTI,TETRA TECHNOLOGIES TTI
TTMI,TTM TECHNOLOGIES TTMI
TTSH,TILE SHOP HOLDINGS TTSH
TTWO,TAKE-TWO INTERACTIVE SOFTWARE TTWO
TUP,TUPPERWARE BRANDS CORP. TUP
TVTX,TRAVERE THERAPEUTICS INC TVTX
TVTY,TIVITY HEALTH TVTY
TW,TRADEWEB MARKETS TW
TWI,TITAN INTL TWI
TWKS,THOUGHTWORKS HOLDING TWKS
TWLO,TWILIO TWLO
TWNK,HOSTESS BRANDS TWNK
TWO,TWO HARBORS INVESTMENT TWO
TWOU,2U TWOU
TWST,TWIST BIOSCIENCE TWST
TWTR,TWITTER TWTR
TXG,10X GENOMICS TXG
TXN,TEXAS INSTRUMENTS TXN
TXRH,TEXAS ROADHOUSE TXRH
TXT,TEXTRON TXT
TYL,TYLER TECHNOLOGIES TYL
TYRA,TYRA BIOSCIENCES TYRA
U,UNITY SOFTWARE U
UA,UNDER ARMOUR CLASS C UA
UAA,UNDER ARMOUR CLASS A UAA
UAL,UNITED AIRLINES HOLDINGS INC UAL
UBA,URSTADT BIDDLE PPTYS UBA
UBER,UBER TECHNOLOGIES UBER
UBSI,UTD BANKSHARES UBSI
UCBI,UNITED COMMUNITY BANKS INC UCBI
UCTT,ULTRA CLEAN HOLDINGS UCTT
UDMY,UDEMY UDMY
UDR,UDR UDR
UE,URBAN EDGE PROPERTIES UE
UEC,URANIUM ENERGY CORP UEC
UEIC,UNIVERSAL ELECTRONICS UEIC
UFCS,UNITED FIRE GROUP UFCS
UFI,UNIFI INC UFI
UFPI,UFP INDUSTRIES INC UFPI
UFPT,UFP TECHNOLOGIES UFPT
UGI,UGI CORP HLDS UGI
UHAL,AMERCO UHAL
UHS,UNIVERSAL HEALTH SERVICES B UHS
UHT,UNIVERSAL HEALTH RLTY INCOME UHT
UI,UBIQUITI UI
UIS,UNISYS CORP UIS
ULCC,FRONTIER GROUP HOLDINGS ULCC
ULH,UNIVERSAL LOGISTICS HOLDINGS INC. ULH
ULTA,ULTA BEAUTY ULTA
UMBF,UMB FINL CO UMBF
UMH,UMH PROPERTIES UMH
UMPQ,UMPQUA HLDGS CP UMPQ
UNF,UNIFIRST CORP UNF
UNFI,UNITED NATURAL FOODS UNFI
UNH,UNITEDHEALTH GROUP UNH
UNIT,UNITI GROUP UNIT
UNM,UNUM GROUP UNM
UNP,UNION PACIFIC CORP UNP
UNTY,UNITY BANCORP UNTY
UNVR,UNIVAR SOLUTIONS INC UNVR
UONE,URBAN ONE UONE
UONEK,URBAN ONE INC CL D UONEK
UP,WHEELS UP EXPERIENCE INC UP
UPLD,UPLAND SOFTWARE UPLD
UPS,UNITED PARCEL SERVICE UPS
UPST,UPSTART HOLDINGS UPST
UPWK,UPWORK UPWK
URBN,URBAN OUTFITTERS URBN
URG,UR-ENERGY INC. URG
URI,UNITED RENTALS URI
USB,US BANCORP USB
USCB,USCB FINANCIAL HOLDINGS INC (A) USCB
USER,USERTESTING USER
USFD,US FOODS HOLDING USFD
USLM,U.S. LIME & MINERALS USLM
USM,U.S. CELLULAR CP USM
USNA,USANA HEALTH SCIENCES USNA
USPH,US PHYSICAL THERAPY INC USPH
UTHR,UNITED THERAPEUTICS UTHR
UTI,UNIVERSAL TECHNICAL INSTITUTE UTI
UTL,UNITIL CORP UTL
UTMD,UTAH MEDICAL PRODUCTS INC UTMD
UTZ,UTZ BRANDS INC (A) UTZ
UUUU,ENERGY FUELS INC UUUU
UVE,UNIVERSAL HLDGS UVE
UVSP,UNIVEST FINANCIAL CORPORATION UVSP
UVV,UNIVERSAL CORP UVV
UWMC,UWM HOLDINGS CORPORATION (A) UWMC
V,VISA V
VAC,MARRIOTT VACATIONS WORLDWIDE VAC
VAL,VALARIS VAL
VALU,VALUE LINE INC VALU
VBIV,VBI VACCINES VBIV
VBTX,VERITEX HOLDINGS INC VBTX
VC,VISTEON CORP. VC
VCEL,VERICEL VCEL
VCSA,VACASA INC (A) VCSA
VCTR,VICTORY CAPITAL HOLDINGS CLASS A VCTR
VCYT,VERACYTE INC VCYT
VEC,VECTRUS VEC
VECO,VEECO INSTR INC VECO
VEEV,VEEVA SYSTEMS VEEV
VEL,VELOCITY FINANCIAL INC VEL
VERA,VERA THERAPEUTICS VERA
VERI,VERITONE INC VERI
VERU,VERU VERU
VERV,VERVE THERAPEUTICS VERV
VFC,VF CORP VFC
VG,VONAGE HOLDINGS VG
VGR,VECTOR GP LTD VGR
VHI,VALHI INC VHI
VIA,VIA RENEWABLE INC VIA
VIAV,VIAVI SOLUTIONS VIAV
VICI,VICI PROPERTIES VICI
VICR,VICOR CORP VICR
VIEW,VIEW INC (A) VIEW
VIR,VIR BIOTECHNOLOGY VIR
VIRT,VIRTU FINANCIAL VIRT
VITL,VITAL FARMS VITL
VIVO,MERIDIAN BIOSCIENCE VIVO
VLD,VELO3D INC (A) VLD
VLDR,VELODYNE LIDAR INC VLDR
VLGEA,VILLAGE SUPER MARKET VLGEA
VLO,VALERO ENERGY VLO
VLTA,VOLTA INC (A) VLTA
VLY,VALLEY NATIONAL BANCORP VLY
VMC,VULCAN MATERIALS VMC
VMEO,VIMEO VMEO
VMI,VALMONT INDS VMI
VMW,VMWARE INC. VMW
VNDA,VANDA PHARMACEUTICALS VNDA
VNO,VORNADO REALTY VNO
VNT,VONTIER VNT
VOYA,VOYA FINANCIAL VOYA
VPG,VISHAY PRECISION GROUP VPG
VRAY,VIEWRAY INC VRAY
VRDN,VIRIDIAN THERAPEUTICS INC VRDN
VRE,VERIS RESIDENTIAL INC VRE
VREX,VAREX IMAGING VREX
VRNS,VARONIS SYSTEMS VRNS
VRNT,VERINT SYSTEMS VRNT
VRRM,VERRA MOBILITY CORPORATION (A) VRRM
VRSK,VERISK ANALYTICS VRSK
VRSN,VERISIGN INC VRSN
VRT,VERTIV HOLDINGS CO (A) VRT
VRTS,VIRTUS INVESTMENT PARTNERS INC. VRTS
VRTV,VERITIV CORP. VRTV
VRTX,VERTEX PHARM VRTX
VSAT,VIASAT VSAT
VSCO,VICTORIAS SECRET & CO VSCO
VSEC,VSE CORP VSEC
VSH,VISHAY INTERTECH VSH
VST,VISTRA CORP VST
VSTO,VISTA OUTDOOR VSTO
VTGN,VISTAGEN THERAPEUTICS VTGN
VTNR,VERTEX ENERGY INC. VTNR
VTOL,BRISTOW GROUP INC VTOL
VTR,VENTAS INC VTR
VTRS,VIATRIS VTRS
VTYX,VENTYX BIOSCIENCES VTYX
VUZI,VUZIX CORP VUZI
VVI,VIAD CORP VVI
VVNT,VIVINT SMART HOME INC (A) VVNT
VVV,VALVOLINE VVV
VWE,VINTAGE WINE ESTATES VWE
VXRT,VAXART VXRT
VZ,VERIZON COMMUNICATIONS VZ
VZIO,VIZIO HOLDING VZIO
W,WAYFAIR W
WAB,WABTEC WAB
WABC,WESTAMERICA BANCP WABC
WAFD,WASHINGTON FEDERAL WAFD
WAL,WESTERN ALLIANCE BANCORP WAL
WASH,WASHINGTON TRUST BANCORP WASH
WAT,WATERS CORP WAT
WBA,WALGREENS BOOTS ALLIANCE WBA
WBD,WARNER BROS DISCOVERY INC WBD
WBS,WEBSTER FINANCIAL WBS
WBT,WELBILT WBT
WCC,WESCO INTERNATIONAL WCC
WD,WALKER & DUNLOP WD
WDAY,WORKDAY WDAY
WDC,WESTERN DIGITAL WDC
WDFC,WD-40 CO WDFC
WE,WEWORK INC (A) WE
WEAV,WEAVE COMMUNICATIONS WEAV
WEBR,WEBER WEBR
WEC,WEC ENERGY GROUP WEC
WEJO,WEJO GROUP LIMITED (A) WEJO
WELL,WELLTOWER INC. WELL
WEN,WENDYS COMPANY WEN
WERN,WERNER ENTERPRISES WERN
WETF,WISDOMTREE INVESTMENTS WETF
WEX,WEX WEX
WEYS,WEYCO GRP INC WEYS
WFC,WELLS FARGO & COMPANY WFC
WFRD,WEATHERFORD INTERNATIONAL WFRD
WGO,WINNEBAGO INDS WGO
WH,WYNDHAM HOTELS & RESORTS WH
WHD,CACTUS CLASS A WHD
WHR,WHIRLPOOL CORP WHR
WINA,WINMARK CORP WINA
WING,WINGSTOP WING
WIRE,ENCORE WIRE WIRE
WISH,CONTEXTLOGIC INC WISH
WIX,WIX.COM WIX
WK,WORKIVA WK
WKHS,WORKHORSE GROUP WKHS
WLDN,WILLDAN GROUP WLDN
WLK,WESTLAKE CORPORATION WLK
WLL,WHITING PETROLEUM WLL
WLY,WILEY (JOHN) & SONS - CL A WLY
WM,WASTE MGMT INC WM
WMB,WILLIAMS COS WMB
WMK,WEIS MARKETS WMK
WMS,ADVANCED DRAINAGE SYSTEMS WMS
WMT,WALMART WMT
WNC,WABASH NATIONAL WNC
WOLF,WOLFSPEED INC WOLF
WOOF,PETCO HEALTH AND WELLNESS WOOF
WOR,WORTHINGTON INDS WOR
WOW,WIDEOPENWEST WOW
WPC,W. P. CAREY INC. WPC
WRB,BERKLEY W R WRB
WRBY,WARBY PARKER WRBY
WRE,WASHINGTON REAL ESTATE INV WRE
WRK,WESTROCK COMPANY WRK
WRLD,WORLD ACCEPTANCE WRLD
WSBC,WESBANCO WSBC
WSBF,WATERSTONE FINANCIAL WSBF
WSC,WILLSCOT MOBILE MINI HOLDINGS CORP WSC
WSFS,WSFS FINANCIAL CORP WSFS
WSM,WILLIAMS SONOMA WSM
WSO,WATSCO INC WSO
WSR,WHITESTONE REIT WSR
WST,WEST PHARM SVCS WST
WTBA,WEST BANCORPORATION WTBA
WTFC,WINTRUST FINANCIAL CORP WTFC
WTI,W&T OFFSHORE WTI
WTM,WHITE MOUNTAINS INSURANCE WTM
WTRG,ESSENTIAL UTILITIES INC WTRG
WTS,WATTS WATER TECHNOLOGIES WTS
WTTR,SELECT ENERGY SERVICES WTTR
WTW,WILLIS TOWERS WATSON PLC WTW
WU,WESTERN UNION WU
WULF,TERAWULF INC WULF
WW,WW INTERNATIONAL INC WW
WWD,WOODWARD WWD
WWE,WWF ENTMNT WWE
WWW,WOLVERINE WORLD WIDE WWW
WY,WEYERHAEUSER WY
WYNN,WYNN RESORTS WYNN
X,UNITED STATES STEEL CORP X
XEL,XCEL ENERGY XEL
XERS,XERIS BIOPHARMA HOLDINGS INC XERS
XHR,XENIA HOTELS & RESORTS XHR
XMTR,XOMETRY XMTR
XNCR,XENCOR XNCR
XOM,EXXON MOBIL CORPORATION XOM
XOS,XOS INC (A) XOS
XPEL,XPEL INC XPEL
XPER,XPERI HOLDING CORPORATION XPER
XPO,XPO LOGISTICS XPO
XPOF,XPONENTIAL FITNESS XPOF
XPRO,EXPRO GROUP HOLDINGS NV XPRO
XRAY,DENTSPLY SIRONA XRAY
XRX,XEROX HOLDINGS XRX
XXII,22ND CENTURY GROUP INC. XXII
XYL,XYLEM INC. XYL
Y,ALLEGHANY Y
YELP,YELP YELP
YETI,YETI HOLDINGS YETI
YEXT,YEXT YEXT
YMAB,Y-MABS THERAPEUTICS YMAB
YORW,YORK WATER CO YORW
YOU,CLEAR SECURE INC YOU
YUM,YUM BRANDS YUM
Z,ZILLOW GROUP CL C Z
ZBH,ZIMMER BIOMET HOLDINGS ZBH
ZBRA,ZEBRA TECHNOLOGIES ZBRA
ZD,ZIFF DAVIS INC ZD
ZEN,ZENDESK ZEN
ZETA,ZETA GLOBAL HOLDINGS ZETA
ZEUS,OLYMPIC STEEL ZEUS
ZEV,LIGHTNING EMOTORS INC ZEV
ZG,ZILLOW GROUP ZG
ZGN,ERMENEGILDO ZENGA N V (A) ZGN
ZI,ZOOMINFO TECHNOLOGIES ZI
ZIMV,ZIMVIE ZIMV
ZION,ZIONS BANCORPORATION N.A. ZION
ZIP,ZIPRECRUITER ZIP
ZM,ZOOM VIDEO COMMUNICATIONS ZM
ZNTL,ZENTALIS PHARMACEUTICALS ZNTL
ZS,ZSCALER ZS
ZTS,ZOETIS ZTS
ZUMZ,ZUMIEZ ZUMZ
ZUO,ZUORA ZUO
ZWS,ZURN WATER SOLUTIONS CORPORATION ZWS
ZYXI,ZYNEX ZYXI
